entity_id,canonical_name_zh,entity_level,id_namespace,verification_status
E110100,北京市,prefecture_research_entity,project_stable_id_not_official_code,wikipedia_entity_verified
E120100,天津市,prefecture_research_entity,project_stable_id_not_official_code,wikipedia_entity_verified
E130100,石家庄市,prefecture_research_entity,project_stable_id_not_official_code,wikipedia_entity_verified
E130200,唐山市,prefecture_research_entity,project_stable_id_not_official_code,wikipedia_entity_verified
E130300,秦皇岛市,prefecture_research_entity,project_stable_id_not_official_code,wikipedia_entity_verified
E130400,邯郸市,prefecture_research_entity,project_stable_id_not_official_code,wikipedia_entity_verified
E130500,邢台市,prefecture_research_entity,project_stable_id_not_official_code,wikipedia_entity_verified
E130600,保定市,prefecture_research_entity,project_stable_id_not_official_code,wikipedia_entity_verified
E130700,张家口市,prefecture_research_entity,project_stable_id_not_official_code,wikipedia_entity_verified
E130800,承德市,prefecture_research_entity,project_stable_id_not_official_code,wikipedia_entity_verified
E130900,沧州市,prefecture_research_entity,project_stable_id_not_official_code,wikipedia_entity_verified
E131000,廊坊市,prefecture_research_entity,project_stable_id_not_official_code,wikipedia_entity_verified
E131100,衡水市,prefecture_research_entity,project_stable_id_not_official_code,wikipedia_entity_verified
E140100,太原市,prefecture_research_entity,project_stable_id_not_official_code,wikipedia_entity_verified
E140200,大同市,prefecture_research_entity,project_stable_id_not_official_code,wikipedia_entity_verified
E140300,阳泉市,prefecture_research_entity,project_stable_id_not_official_code,wikipedia_entity_verified
E140400,长治市,prefecture_research_entity,project_stable_id_not_official_code,wikipedia_entity_verified
E140500,晋城市,prefecture_research_entity,project_stable_id_not_official_code,wikipedia_entity_verified
E140600,朔州市,prefecture_research_entity,project_stable_id_not_official_code,wikipedia_entity_verified
E140700,晋中市,prefecture_research_entity,project_stable_id_not_official_code,wikipedia_entity_verified
E140800,运城市,prefecture_research_entity,project_stable_id_not_official_code,event_crosschecked
E140900,忻州市,prefecture_research_entity,project_stable_id_not_official_code,event_crosschecked
E141000,临汾市,prefecture_research_entity,project_stable_id_not_official_code,event_crosschecked
E141100,吕梁市,prefecture_research_entity,project_stable_id_not_official_code,event_crosschecked
E150100,呼和浩特市,prefecture_research_entity,project_stable_id_not_official_code,wikipedia_entity_verified
E150200,包头市,prefecture_research_entity,project_stable_id_not_official_code,wikipedia_entity_verified
E150300,乌海市,prefecture_research_entity,project_stable_id_not_official_code,wikipedia_entity_verified
E150400,赤峰市,prefecture_research_entity,project_stable_id_not_official_code,wikipedia_entity_verified
E150500,通辽市,prefecture_research_entity,project_stable_id_not_official_code,wikipedia_entity_verified
E150600,鄂尔多斯市,prefecture_research_entity,project_stable_id_not_official_code,event_crosschecked
E150700,呼伦贝尔市,prefecture_research_entity,project_stable_id_not_official_code,event_crosschecked
E150800,巴彦淖尔市,prefecture_research_entity,project_stable_id_not_official_code,event_crosschecked
E150900,乌兰察布市,prefecture_research_entity,project_stable_id_not_official_code,event_crosschecked
E152200,兴安盟,prefecture_research_entity,project_stable_id_not_official_code,wikipedia_entity_verified
E152500,锡林郭勒盟,prefecture_research_entity,project_stable_id_not_official_code,wikipedia_entity_verified
E152900,阿拉善盟,prefecture_research_entity,project_stable_id_not_official_code,wikipedia_entity_verified
E210100,沈阳市,prefecture_research_entity,project_stable_id_not_official_code,wikipedia_entity_verified
E210200,大连市,prefecture_research_entity,project_stable_id_not_official_code,wikipedia_entity_verified
E210300,鞍山市,prefecture_research_entity,project_stable_id_not_official_code,wikipedia_entity_verified
E210400,抚顺市,prefecture_research_entity,project_stable_id_not_official_code,wikipedia_entity_verified
E210500,本溪市,prefecture_research_entity,project_stable_id_not_official_code,wikipedia_entity_verified
E210600,丹东市,prefecture_research_entity,project_stable_id_not_official_code,wikipedia_entity_verified
E210700,锦州市,prefecture_research_entity,project_stable_id_not_official_code,wikipedia_entity_verified
E210800,营口市,prefecture_research_entity,project_stable_id_not_official_code,wikipedia_entity_verified
E210900,阜新市,prefecture_research_entity,project_stable_id_not_official_code,wikipedia_entity_verified
E211000,辽阳市,prefecture_research_entity,project_stable_id_not_official_code,wikipedia_entity_verified
E211100,盘锦市,prefecture_research_entity,project_stable_id_not_official_code,wikipedia_entity_verified
E211200,铁岭市,prefecture_research_entity,project_stable_id_not_official_code,wikipedia_entity_verified
E211300,朝阳市,prefecture_research_entity,project_stable_id_not_official_code,wikipedia_entity_verified
E211400,葫芦岛市,prefecture_research_entity,project_stable_id_not_official_code,wikipedia_entity_verified
E220100,长春市,prefecture_research_entity,project_stable_id_not_official_code,wikipedia_entity_verified
E220200,吉林市,prefecture_research_entity,project_stable_id_not_official_code,wikipedia_entity_verified
E220300,四平市,prefecture_research_entity,project_stable_id_not_official_code,wikipedia_entity_verified
E220400,辽源市,prefecture_research_entity,project_stable_id_not_official_code,wikipedia_entity_verified
E220500,通化市,prefecture_research_entity,project_stable_id_not_official_code,wikipedia_entity_verified
E220600,白山市,prefecture_research_entity,project_stable_id_not_official_code,wikipedia_entity_verified
E220700,松原市,prefecture_research_entity,project_stable_id_not_official_code,wikipedia_entity_verified
E220800,白城市,prefecture_research_entity,project_stable_id_not_official_code,wikipedia_entity_verified
E222400,延边朝鲜族自治州,prefecture_research_entity,project_stable_id_not_official_code,wikipedia_entity_verified
E230100,哈尔滨市,prefecture_research_entity,project_stable_id_not_official_code,wikipedia_entity_verified
E230200,齐齐哈尔市,prefecture_research_entity,project_stable_id_not_official_code,wikipedia_entity_verified
E230300,鸡西市,prefecture_research_entity,project_stable_id_not_official_code,wikipedia_entity_verified
E230400,鹤岗市,prefecture_research_entity,project_stable_id_not_official_code,wikipedia_entity_verified
E230500,双鸭山市,prefecture_research_entity,project_stable_id_not_official_code,wikipedia_entity_verified
E230600,大庆市,prefecture_research_entity,project_stable_id_not_official_code,wikipedia_entity_verified
E230700,伊春市,prefecture_research_entity,project_stable_id_not_official_code,wikipedia_entity_verified
E230800,佳木斯市,prefecture_research_entity,project_stable_id_not_official_code,wikipedia_entity_verified
E230900,七台河市,prefecture_research_entity,project_stable_id_not_official_code,wikipedia_entity_verified
E231000,牡丹江市,prefecture_research_entity,project_stable_id_not_official_code,wikipedia_entity_verified
E231100,黑河市,prefecture_research_entity,project_stable_id_not_official_code,wikipedia_entity_verified
E231200,绥化市,prefecture_research_entity,project_stable_id_not_official_code,wikipedia_entity_verified
E232700,大兴安岭地区,prefecture_research_entity,project_stable_id_not_official_code,wikipedia_entity_verified
E310100,上海市,prefecture_research_entity,project_stable_id_not_official_code,wikipedia_entity_verified
E320100,南京市,prefecture_research_entity,project_stable_id_not_official_code,wikipedia_entity_verified
E320200,无锡市,prefecture_research_entity,project_stable_id_not_official_code,wikipedia_entity_verified
E320300,徐州市,prefecture_research_entity,project_stable_id_not_official_code,wikipedia_entity_verified
E320400,常州市,prefecture_research_entity,project_stable_id_not_official_code,wikipedia_entity_verified
E320500,苏州市,prefecture_research_entity,project_stable_id_not_official_code,wikipedia_entity_verified
E320600,南通市,prefecture_research_entity,project_stable_id_not_official_code,wikipedia_entity_verified
E320700,连云港市,prefecture_research_entity,project_stable_id_not_official_code,wikipedia_entity_verified
E320800,淮安市,prefecture_research_entity,project_stable_id_not_official_code,event_crosschecked
E320900,盐城市,prefecture_research_entity,project_stable_id_not_official_code,wikipedia_entity_verified
E321000,扬州市,prefecture_research_entity,project_stable_id_not_official_code,wikipedia_entity_verified
E321100,镇江市,prefecture_research_entity,project_stable_id_not_official_code,wikipedia_entity_verified
E321200,泰州市,prefecture_research_entity,project_stable_id_not_official_code,wikipedia_entity_verified
E321300,宿迁市,prefecture_research_entity,project_stable_id_not_official_code,wikipedia_entity_verified
E330100,杭州市,prefecture_research_entity,project_stable_id_not_official_code,wikipedia_entity_verified
E330200,宁波市,prefecture_research_entity,project_stable_id_not_official_code,wikipedia_entity_verified
E330300,温州市,prefecture_research_entity,project_stable_id_not_official_code,wikipedia_entity_verified
E330400,嘉兴市,prefecture_research_entity,project_stable_id_not_official_code,wikipedia_entity_verified
E330500,湖州市,prefecture_research_entity,project_stable_id_not_official_code,wikipedia_entity_verified
E330600,绍兴市,prefecture_research_entity,project_stable_id_not_official_code,wikipedia_entity_verified
E330700,金华市,prefecture_research_entity,project_stable_id_not_official_code,wikipedia_entity_verified
E330800,衢州市,prefecture_research_entity,project_stable_id_not_official_code,wikipedia_entity_verified
E330900,舟山市,prefecture_research_entity,project_stable_id_not_official_code,wikipedia_entity_verified
E331000,台州市,prefecture_research_entity,project_stable_id_not_official_code,wikipedia_entity_verified
E331100,丽水市,prefecture_research_entity,project_stable_id_not_official_code,event_crosschecked
E340100,合肥市,prefecture_research_entity,project_stable_id_not_official_code,wikipedia_entity_verified
E340200,芜湖市,prefecture_research_entity,project_stable_id_not_official_code,wikipedia_entity_verified
E340300,蚌埠市,prefecture_research_entity,project_stable_id_not_official_code,wikipedia_entity_verified
E340400,淮南市,prefecture_research_entity,project_stable_id_not_official_code,wikipedia_entity_verified
E340500,马鞍山市,prefecture_research_entity,project_stable_id_not_official_code,wikipedia_entity_verified
E340600,淮北市,prefecture_research_entity,project_stable_id_not_official_code,wikipedia_entity_verified
E340700,铜陵市,prefecture_research_entity,project_stable_id_not_official_code,wikipedia_entity_verified
E340800,安庆市,prefecture_research_entity,project_stable_id_not_official_code,wikipedia_entity_verified
E341000,黄山市,prefecture_research_entity,project_stable_id_not_official_code,wikipedia_entity_verified
E341100,滁州市,prefecture_research_entity,project_stable_id_not_official_code,wikipedia_entity_verified
E341200,阜阳市,prefecture_research_entity,project_stable_id_not_official_code,wikipedia_entity_verified
E341300,宿州市,prefecture_research_entity,project_stable_id_not_official_code,wikipedia_entity_verified
E341400,巢湖市,prefecture_research_entity,project_stable_id_not_official_code,wikipedia_verified
E341500,六安市,prefecture_research_entity,project_stable_id_not_official_code,wikipedia_entity_verified
E341600,亳州市,prefecture_research_entity,project_stable_id_not_official_code,event_crosschecked
E341700,池州市,prefecture_research_entity,project_stable_id_not_official_code,event_crosschecked
E341800,宣城市,prefecture_research_entity,project_stable_id_not_official_code,event_crosschecked
E350100,福州市,prefecture_research_entity,project_stable_id_not_official_code,wikipedia_entity_verified
E350200,厦门市,prefecture_research_entity,project_stable_id_not_official_code,wikipedia_entity_verified
E350300,莆田市,prefecture_research_entity,project_stable_id_not_official_code,wikipedia_entity_verified
E350400,三明市,prefecture_research_entity,project_stable_id_not_official_code,wikipedia_entity_verified
E350500,泉州市,prefecture_research_entity,project_stable_id_not_official_code,wikipedia_entity_verified
E350600,漳州市,prefecture_research_entity,project_stable_id_not_official_code,wikipedia_entity_verified
E350700,南平市,prefecture_research_entity,project_stable_id_not_official_code,wikipedia_entity_verified
E350800,龙岩市,prefecture_research_entity,project_stable_id_not_official_code,wikipedia_entity_verified
E350900,宁德市,prefecture_research_entity,project_stable_id_not_official_code,wikipedia_entity_verified
E360100,南昌市,prefecture_research_entity,project_stable_id_not_official_code,wikipedia_entity_verified
E360200,景德镇市,prefecture_research_entity,project_stable_id_not_official_code,wikipedia_entity_verified
E360300,萍乡市,prefecture_research_entity,project_stable_id_not_official_code,wikipedia_entity_verified
E360400,九江市,prefecture_research_entity,project_stable_id_not_official_code,wikipedia_entity_verified
E360500,新余市,prefecture_research_entity,project_stable_id_not_official_code,wikipedia_entity_verified
E360600,鹰潭市,prefecture_research_entity,project_stable_id_not_official_code,wikipedia_entity_verified
E360700,赣州市,prefecture_research_entity,project_stable_id_not_official_code,wikipedia_entity_verified
E360800,吉安市,prefecture_research_entity,project_stable_id_not_official_code,event_crosschecked
E360900,宜春市,prefecture_research_entity,project_stable_id_not_official_code,event_crosschecked
E361000,抚州市,prefecture_research_entity,project_stable_id_not_official_code,event_crosschecked
E361100,上饶市,prefecture_research_entity,project_stable_id_not_official_code,event_crosschecked
E370100,济南市,prefecture_research_entity,project_stable_id_not_official_code,wikipedia_entity_verified
E370200,青岛市,prefecture_research_entity,project_stable_id_not_official_code,wikipedia_entity_verified
E370300,淄博市,prefecture_research_entity,project_stable_id_not_official_code,wikipedia_entity_verified
E370400,枣庄市,prefecture_research_entity,project_stable_id_not_official_code,wikipedia_entity_verified
E370500,东营市,prefecture_research_entity,project_stable_id_not_official_code,wikipedia_entity_verified
E370600,烟台市,prefecture_research_entity,project_stable_id_not_official_code,wikipedia_entity_verified
E370700,潍坊市,prefecture_research_entity,project_stable_id_not_official_code,wikipedia_entity_verified
E370800,济宁市,prefecture_research_entity,project_stable_id_not_official_code,wikipedia_entity_verified
E370900,泰安市,prefecture_research_entity,project_stable_id_not_official_code,wikipedia_entity_verified
E371000,威海市,prefecture_research_entity,project_stable_id_not_official_code,wikipedia_entity_verified
E371100,日照市,prefecture_research_entity,project_stable_id_not_official_code,wikipedia_entity_verified
E371200,莱芜市,prefecture_research_entity,project_stable_id_not_official_code,wikipedia_verified
E371300,临沂市,prefecture_research_entity,project_stable_id_not_official_code,wikipedia_entity_verified
E371400,德州市,prefecture_research_entity,project_stable_id_not_official_code,wikipedia_entity_verified
E371500,聊城市,prefecture_research_entity,project_stable_id_not_official_code,wikipedia_entity_verified
E371600,滨州市,prefecture_research_entity,project_stable_id_not_official_code,event_crosschecked
E371700,菏泽市,prefecture_research_entity,project_stable_id_not_official_code,event_crosschecked
E410100,郑州市,prefecture_research_entity,project_stable_id_not_official_code,wikipedia_entity_verified
E410200,开封市,prefecture_research_entity,project_stable_id_not_official_code,wikipedia_entity_verified
E410300,洛阳市,prefecture_research_entity,project_stable_id_not_official_code,wikipedia_entity_verified
E410400,平顶山市,prefecture_research_entity,project_stable_id_not_official_code,wikipedia_entity_verified
E410500,安阳市,prefecture_research_entity,project_stable_id_not_official_code,wikipedia_entity_verified
E410600,鹤壁市,prefecture_research_entity,project_stable_id_not_official_code,wikipedia_entity_verified
E410700,新乡市,prefecture_research_entity,project_stable_id_not_official_code,wikipedia_entity_verified
E410800,焦作市,prefecture_research_entity,project_stable_id_not_official_code,wikipedia_entity_verified
E410900,濮阳市,prefecture_research_entity,project_stable_id_not_official_code,wikipedia_entity_verified
E411000,许昌市,prefecture_research_entity,project_stable_id_not_official_code,wikipedia_entity_verified
E411100,漯河市,prefecture_research_entity,project_stable_id_not_official_code,wikipedia_entity_verified
E411200,三门峡市,prefecture_research_entity,project_stable_id_not_official_code,wikipedia_entity_verified
E411300,南阳市,prefecture_research_entity,project_stable_id_not_official_code,wikipedia_entity_verified
E411400,商丘市,prefecture_research_entity,project_stable_id_not_official_code,wikipedia_entity_verified
E411500,信阳市,prefecture_research_entity,project_stable_id_not_official_code,wikipedia_entity_verified
E411600,周口市,prefecture_research_entity,project_stable_id_not_official_code,event_crosschecked
E411700,驻马店市,prefecture_research_entity,project_stable_id_not_official_code,event_crosschecked
E420100,武汉市,prefecture_research_entity,project_stable_id_not_official_code,wikipedia_entity_verified
E420200,黄石市,prefecture_research_entity,project_stable_id_not_official_code,wikipedia_entity_verified
E420300,十堰市,prefecture_research_entity,project_stable_id_not_official_code,wikipedia_entity_verified
E420500,宜昌市,prefecture_research_entity,project_stable_id_not_official_code,wikipedia_entity_verified
E420600,襄阳市,prefecture_research_entity,project_stable_id_not_official_code,event_crosschecked
E420700,鄂州市,prefecture_research_entity,project_stable_id_not_official_code,wikipedia_entity_verified
E420800,荆门市,prefecture_research_entity,project_stable_id_not_official_code,wikipedia_entity_verified
E420900,孝感市,prefecture_research_entity,project_stable_id_not_official_code,wikipedia_entity_verified
E421000,荆州市,prefecture_research_entity,project_stable_id_not_official_code,wikipedia_entity_verified
E421100,黄冈市,prefecture_research_entity,project_stable_id_not_official_code,wikipedia_entity_verified
E421200,咸宁市,prefecture_research_entity,project_stable_id_not_official_code,wikipedia_entity_verified
E421300,随州市,prefecture_research_entity,project_stable_id_not_official_code,event_crosschecked
E422800,恩施土家族苗族自治州,prefecture_research_entity,project_stable_id_not_official_code,wikipedia_entity_verified
E430100,长沙市,prefecture_research_entity,project_stable_id_not_official_code,wikipedia_entity_verified
E430200,株洲市,prefecture_research_entity,project_stable_id_not_official_code,wikipedia_entity_verified
E430300,湘潭市,prefecture_research_entity,project_stable_id_not_official_code,wikipedia_entity_verified
E430400,衡阳市,prefecture_research_entity,project_stable_id_not_official_code,wikipedia_entity_verified
E430500,邵阳市,prefecture_research_entity,project_stable_id_not_official_code,wikipedia_entity_verified
E430600,岳阳市,prefecture_research_entity,project_stable_id_not_official_code,wikipedia_entity_verified
E430700,常德市,prefecture_research_entity,project_stable_id_not_official_code,wikipedia_entity_verified
E430800,张家界市,prefecture_research_entity,project_stable_id_not_official_code,wikipedia_entity_verified
E430900,益阳市,prefecture_research_entity,project_stable_id_not_official_code,wikipedia_entity_verified
E431000,郴州市,prefecture_research_entity,project_stable_id_not_official_code,wikipedia_entity_verified
E431100,永州市,prefecture_research_entity,project_stable_id_not_official_code,wikipedia_entity_verified
E431200,怀化市,prefecture_research_entity,project_stable_id_not_official_code,wikipedia_entity_verified
E431300,娄底市,prefecture_research_entity,project_stable_id_not_official_code,wikipedia_entity_verified
E433100,湘西土家族苗族自治州,prefecture_research_entity,project_stable_id_not_official_code,wikipedia_entity_verified
E440100,广州市,prefecture_research_entity,project_stable_id_not_official_code,wikipedia_entity_verified
E440200,韶关市,prefecture_research_entity,project_stable_id_not_official_code,wikipedia_entity_verified
E440300,深圳市,prefecture_research_entity,project_stable_id_not_official_code,wikipedia_entity_verified
E440400,珠海市,prefecture_research_entity,project_stable_id_not_official_code,wikipedia_entity_verified
E440500,汕头市,prefecture_research_entity,project_stable_id_not_official_code,wikipedia_entity_verified
E440600,佛山市,prefecture_research_entity,project_stable_id_not_official_code,wikipedia_entity_verified
E440700,江门市,prefecture_research_entity,project_stable_id_not_official_code,wikipedia_entity_verified
E440800,湛江市,prefecture_research_entity,project_stable_id_not_official_code,wikipedia_entity_verified
E440900,茂名市,prefecture_research_entity,project_stable_id_not_official_code,wikipedia_entity_verified
E441200,肇庆市,prefecture_research_entity,project_stable_id_not_official_code,wikipedia_entity_verified
E441300,惠州市,prefecture_research_entity,project_stable_id_not_official_code,wikipedia_entity_verified
E441400,梅州市,prefecture_research_entity,project_stable_id_not_official_code,wikipedia_entity_verified
E441500,汕尾市,prefecture_research_entity,project_stable_id_not_official_code,wikipedia_entity_verified
E441600,河源市,prefecture_research_entity,project_stable_id_not_official_code,wikipedia_entity_verified
E441700,阳江市,prefecture_research_entity,project_stable_id_not_official_code,wikipedia_entity_verified
E441800,清远市,prefecture_research_entity,project_stable_id_not_official_code,wikipedia_entity_verified
E441900,东莞市,prefecture_research_entity,project_stable_id_not_official_code,wikipedia_entity_verified
E442000,中山市,prefecture_research_entity,project_stable_id_not_official_code,wikipedia_entity_verified
E445100,潮州市,prefecture_research_entity,project_stable_id_not_official_code,wikipedia_entity_verified
E445200,揭阳市,prefecture_research_entity,project_stable_id_not_official_code,wikipedia_entity_verified
E445300,云浮市,prefecture_research_entity,project_stable_id_not_official_code,wikipedia_entity_verified
E450100,南宁市,prefecture_research_entity,project_stable_id_not_official_code,wikipedia_entity_verified
E450200,柳州市,prefecture_research_entity,project_stable_id_not_official_code,wikipedia_entity_verified
E450300,桂林市,prefecture_research_entity,project_stable_id_not_official_code,wikipedia_entity_verified
E450400,梧州市,prefecture_research_entity,project_stable_id_not_official_code,wikipedia_entity_verified
E450500,北海市,prefecture_research_entity,project_stable_id_not_official_code,wikipedia_entity_verified
E450600,防城港市,prefecture_research_entity,project_stable_id_not_official_code,wikipedia_entity_verified
E450700,钦州市,prefecture_research_entity,project_stable_id_not_official_code,wikipedia_entity_verified
E450800,贵港市,prefecture_research_entity,project_stable_id_not_official_code,wikipedia_entity_verified
E450900,玉林市,prefecture_research_entity,project_stable_id_not_official_code,wikipedia_entity_verified
E451000,百色市,prefecture_research_entity,project_stable_id_not_official_code,event_crosschecked
E451100,贺州市,prefecture_research_entity,project_stable_id_not_official_code,event_crosschecked
E451200,河池市,prefecture_research_entity,project_stable_id_not_official_code,event_crosschecked
E451300,来宾市,prefecture_research_entity,project_stable_id_not_official_code,event_crosschecked
E451400,崇左市,prefecture_research_entity,project_stable_id_not_official_code,event_crosschecked
E460100,海口市,prefecture_research_entity,project_stable_id_not_official_code,wikipedia_entity_verified
E460200,三亚市,prefecture_research_entity,project_stable_id_not_official_code,wikipedia_entity_verified
E460300,三沙市,prefecture_research_entity,project_stable_id_not_official_code,wikipedia_verified
E460400,儋州市,prefecture_research_entity,project_stable_id_not_official_code,wikipedia_verified
E500100,重庆市,prefecture_research_entity,project_stable_id_not_official_code,wikipedia_entity_verified
E510100,成都市,prefecture_research_entity,project_stable_id_not_official_code,wikipedia_entity_verified
E510300,自贡市,prefecture_research_entity,project_stable_id_not_official_code,wikipedia_entity_verified
E510400,攀枝花市,prefecture_research_entity,project_stable_id_not_official_code,wikipedia_entity_verified
E510500,泸州市,prefecture_research_entity,project_stable_id_not_official_code,wikipedia_entity_verified
E510600,德阳市,prefecture_research_entity,project_stable_id_not_official_code,wikipedia_entity_verified
E510700,绵阳市,prefecture_research_entity,project_stable_id_not_official_code,wikipedia_entity_verified
E510800,广元市,prefecture_research_entity,project_stable_id_not_official_code,wikipedia_entity_verified
E510900,遂宁市,prefecture_research_entity,project_stable_id_not_official_code,wikipedia_entity_verified
E511000,内江市,prefecture_research_entity,project_stable_id_not_official_code,wikipedia_entity_verified
E511100,乐山市,prefecture_research_entity,project_stable_id_not_official_code,wikipedia_entity_verified
E511300,南充市,prefecture_research_entity,project_stable_id_not_official_code,wikipedia_entity_verified
E511400,眉山市,prefecture_research_entity,project_stable_id_not_official_code,event_crosschecked
E511500,宜宾市,prefecture_research_entity,project_stable_id_not_official_code,wikipedia_entity_verified
E511600,广安市,prefecture_research_entity,project_stable_id_not_official_code,wikipedia_entity_verified
E511700,达州市,prefecture_research_entity,project_stable_id_not_official_code,wikipedia_entity_verified
E511800,雅安市,prefecture_research_entity,project_stable_id_not_official_code,event_crosschecked
E511900,巴中市,prefecture_research_entity,project_stable_id_not_official_code,event_crosschecked
E512000,资阳市,prefecture_research_entity,project_stable_id_not_official_code,event_crosschecked
E513200,阿坝藏族羌族自治州,prefecture_research_entity,project_stable_id_not_official_code,wikipedia_entity_verified
E513300,甘孜藏族自治州,prefecture_research_entity,project_stable_id_not_official_code,wikipedia_entity_verified
E513400,凉山彝族自治州,prefecture_research_entity,project_stable_id_not_official_code,wikipedia_entity_verified
E520100,贵阳市,prefecture_research_entity,project_stable_id_not_official_code,wikipedia_entity_verified
E520200,六盘水市,prefecture_research_entity,project_stable_id_not_official_code,wikipedia_entity_verified
E520300,遵义市,prefecture_research_entity,project_stable_id_not_official_code,wikipedia_entity_verified
E520400,安顺市,prefecture_research_entity,project_stable_id_not_official_code,event_crosschecked
E520500,毕节市,prefecture_research_entity,project_stable_id_not_official_code,event_crosschecked
E520600,铜仁市,prefecture_research_entity,project_stable_id_not_official_code,event_crosschecked
E522300,黔西南布依族苗族自治州,prefecture_research_entity,project_stable_id_not_official_code,wikipedia_entity_verified
E522600,黔东南苗族侗族自治州,prefecture_research_entity,project_stable_id_not_official_code,wikipedia_entity_verified
E522700,黔南布依族苗族自治州,prefecture_research_entity,project_stable_id_not_official_code,wikipedia_entity_verified
E530100,昆明市,prefecture_research_entity,project_stable_id_not_official_code,wikipedia_entity_verified
E530300,曲靖市,prefecture_research_entity,project_stable_id_not_official_code,wikipedia_entity_verified
E530400,玉溪市,prefecture_research_entity,project_stable_id_not_official_code,wikipedia_entity_verified
E530500,保山市,prefecture_research_entity,project_stable_id_not_official_code,event_crosschecked
E530600,昭通市,prefecture_research_entity,project_stable_id_not_official_code,event_crosschecked
E530700,丽江市,prefecture_research_entity,project_stable_id_not_official_code,event_crosschecked
E530800,普洱市,prefecture_research_entity,project_stable_id_not_official_code,wikipedia_verified
E530900,临沧市,prefecture_research_entity,project_stable_id_not_official_code,wikipedia_verified
E532300,楚雄彝族自治州,prefecture_research_entity,project_stable_id_not_official_code,wikipedia_entity_verified
E532500,红河哈尼族彝族自治州,prefecture_research_entity,project_stable_id_not_official_code,wikipedia_entity_verified
E532600,文山壮族苗族自治州,prefecture_research_entity,project_stable_id_not_official_code,wikipedia_entity_verified
E532800,西双版纳傣族自治州,prefecture_research_entity,project_stable_id_not_official_code,wikipedia_entity_verified
E532900,大理白族自治州,prefecture_research_entity,project_stable_id_not_official_code,wikipedia_entity_verified
E533100,德宏傣族景颇族自治州,prefecture_research_entity,project_stable_id_not_official_code,wikipedia_entity_verified
E533300,怒江傈僳族自治州,prefecture_research_entity,project_stable_id_not_official_code,wikipedia_entity_verified
E533400,迪庆藏族自治州,prefecture_research_entity,project_stable_id_not_official_code,wikipedia_verified
E540100,拉萨市,prefecture_research_entity,project_stable_id_not_official_code,wikipedia_entity_verified
E540200,日喀则市,prefecture_research_entity,project_stable_id_not_official_code,event_crosschecked
E540300,昌都市,prefecture_research_entity,project_stable_id_not_official_code,wikipedia_verified
E540400,林芝市,prefecture_research_entity,project_stable_id_not_official_code,event_crosschecked
E540500,山南市,prefecture_research_entity,project_stable_id_not_official_code,event_crosschecked
E540600,那曲市,prefecture_research_entity,project_stable_id_not_official_code,event_crosschecked
E542500,阿里地区,prefecture_research_entity,project_stable_id_not_official_code,wikipedia_entity_verified
E610100,西安市,prefecture_research_entity,project_stable_id_not_official_code,wikipedia_entity_verified
E610200,铜川市,prefecture_research_entity,project_stable_id_not_official_code,wikipedia_entity_verified
E610300,宝鸡市,prefecture_research_entity,project_stable_id_not_official_code,wikipedia_entity_verified
E610400,咸阳市,prefecture_research_entity,project_stable_id_not_official_code,wikipedia_entity_verified
E610500,渭南市,prefecture_research_entity,project_stable_id_not_official_code,wikipedia_entity_verified
E610600,延安市,prefecture_research_entity,project_stable_id_not_official_code,wikipedia_entity_verified
E610700,汉中市,prefecture_research_entity,project_stable_id_not_official_code,wikipedia_entity_verified
E610800,榆林市,prefecture_research_entity,project_stable_id_not_official_code,wikipedia_entity_verified
E610900,安康市,prefecture_research_entity,project_stable_id_not_official_code,event_crosschecked
E611000,商洛市,prefecture_research_entity,project_stable_id_not_official_code,event_crosschecked
E620100,兰州市,prefecture_research_entity,project_stable_id_not_official_code,wikipedia_entity_verified
E620200,嘉峪关市,prefecture_research_entity,project_stable_id_not_official_code,wikipedia_entity_verified
E620300,金昌市,prefecture_research_entity,project_stable_id_not_official_code,wikipedia_entity_verified
E620400,白银市,prefecture_research_entity,project_stable_id_not_official_code,wikipedia_entity_verified
E620500,天水市,prefecture_research_entity,project_stable_id_not_official_code,wikipedia_entity_verified
E620600,武威市,prefecture_research_entity,project_stable_id_not_official_code,event_crosschecked
E620700,张掖市,prefecture_research_entity,project_stable_id_not_official_code,event_crosschecked
E620800,平凉市,prefecture_research_entity,project_stable_id_not_official_code,event_crosschecked
E620900,酒泉市,prefecture_research_entity,project_stable_id_not_official_code,event_crosschecked
E621000,庆阳市,prefecture_research_entity,project_stable_id_not_official_code,event_crosschecked
E621100,定西市,prefecture_research_entity,project_stable_id_not_official_code,event_crosschecked
E621200,陇南市,prefecture_research_entity,project_stable_id_not_official_code,event_crosschecked
E622900,临夏回族自治州,prefecture_research_entity,project_stable_id_not_official_code,wikipedia_entity_verified
E623000,甘南藏族自治州,prefecture_research_entity,project_stable_id_not_official_code,wikipedia_entity_verified
E630100,西宁市,prefecture_research_entity,project_stable_id_not_official_code,wikipedia_entity_verified
E630200,海东市,prefecture_research_entity,project_stable_id_not_official_code,event_crosschecked
E632200,海北藏族自治州,prefecture_research_entity,project_stable_id_not_official_code,wikipedia_entity_verified
E632300,黄南藏族自治州,prefecture_research_entity,project_stable_id_not_official_code,wikipedia_entity_verified
E632500,海南藏族自治州,prefecture_research_entity,project_stable_id_not_official_code,wikipedia_entity_verified
E632600,果洛藏族自治州,prefecture_research_entity,project_stable_id_not_official_code,wikipedia_entity_verified
E632700,玉树藏族自治州,prefecture_research_entity,project_stable_id_not_official_code,wikipedia_entity_verified
E632800,海西蒙古族藏族自治州,prefecture_research_entity,project_stable_id_not_official_code,wikipedia_entity_verified
E640100,银川市,prefecture_research_entity,project_stable_id_not_official_code,wikipedia_entity_verified
E640200,石嘴山市,prefecture_research_entity,project_stable_id_not_official_code,wikipedia_entity_verified
E640300,吴忠市,prefecture_research_entity,project_stable_id_not_official_code,wikipedia_entity_verified
E640400,固原市,prefecture_research_entity,project_stable_id_not_official_code,event_crosschecked
E640500,中卫市,prefecture_research_entity,project_stable_id_not_official_code,wikipedia_verified
E650100,乌鲁木齐市,prefecture_research_entity,project_stable_id_not_official_code,wikipedia_entity_verified
E650200,克拉玛依市,prefecture_research_entity,project_stable_id_not_official_code,wikipedia_entity_verified
E650400,吐鲁番市,prefecture_research_entity,project_stable_id_not_official_code,event_crosschecked
E650500,哈密市,prefecture_research_entity,project_stable_id_not_official_code,event_crosschecked
E652300,昌吉回族自治州,prefecture_research_entity,project_stable_id_not_official_code,wikipedia_entity_verified
E652700,博尔塔拉蒙古自治州,prefecture_research_entity,project_stable_id_not_official_code,wikipedia_entity_verified
E652800,巴音郭楞蒙古自治州,prefecture_research_entity,project_stable_id_not_official_code,wikipedia_entity_verified
E652900,阿克苏地区,prefecture_research_entity,project_stable_id_not_official_code,wikipedia_entity_verified
E653000,克孜勒苏柯尔克孜自治州,prefecture_research_entity,project_stable_id_not_official_code,wikipedia_entity_verified
E653100,喀什地区,prefecture_research_entity,project_stable_id_not_official_code,wikipedia_entity_verified
E653200,和田地区,prefecture_research_entity,project_stable_id_not_official_code,wikipedia_entity_verified
E654000,伊犁哈萨克自治州,prefecture_research_entity,project_stable_id_not_official_code,wikipedia_entity_verified
E654100,伊犁地区,prefecture_research_entity,project_stable_id_not_official_code,wikipedia_verified
E654200,塔城地区,prefecture_research_entity,project_stable_id_not_official_code,wikipedia_entity_verified
E654300,阿勒泰地区,prefecture_research_entity,project_stable_id_not_official_code,wikipedia_entity_verified
