entity_id,name_2000,name_2001,name_2002,name_2003,name_2004,name_2005,name_2006,name_2007,name_2008,name_2009,name_2010,name_2011,name_2012,name_2013,name_2014,name_2015,name_2016,name_2017,name_2018,name_2019,name_2020,name_2021,name_2022,name_2023,name_2024
E110100,北京市,北京市,北京市,北京市,北京市,北京市,北京市,北京市,北京市,北京市,北京市,北京市,北京市,北京市,北京市,北京市,北京市,北京市,北京市,北京市,北京市,北京市,北京市,北京市,北京市
E120100,天津市,天津市,天津市,天津市,天津市,天津市,天津市,天津市,天津市,天津市,天津市,天津市,天津市,天津市,天津市,天津市,天津市,天津市,天津市,天津市,天津市,天津市,天津市,天津市,天津市
E130100,石家庄市,石家庄市,石家庄市,石家庄市,石家庄市,石家庄市,石家庄市,石家庄市,石家庄市,石家庄市,石家庄市,石家庄市,石家庄市,石家庄市,石家庄市,石家庄市,石家庄市,石家庄市,石家庄市,石家庄市,石家庄市,石家庄市,石家庄市,石家庄市,石家庄市
E130200,唐山市,唐山市,唐山市,唐山市,唐山市,唐山市,唐山市,唐山市,唐山市,唐山市,唐山市,唐山市,唐山市,唐山市,唐山市,唐山市,唐山市,唐山市,唐山市,唐山市,唐山市,唐山市,唐山市,唐山市,唐山市
E130300,秦皇岛市,秦皇岛市,秦皇岛市,秦皇岛市,秦皇岛市,秦皇岛市,秦皇岛市,秦皇岛市,秦皇岛市,秦皇岛市,秦皇岛市,秦皇岛市,秦皇岛市,秦皇岛市,秦皇岛市,秦皇岛市,秦皇岛市,秦皇岛市,秦皇岛市,秦皇岛市,秦皇岛市,秦皇岛市,秦皇岛市,秦皇岛市,秦皇岛市
E130400,邯郸市,邯郸市,邯郸市,邯郸市,邯郸市,邯郸市,邯郸市,邯郸市,邯郸市,邯郸市,邯郸市,邯郸市,邯郸市,邯郸市,邯郸市,邯郸市,邯郸市,邯郸市,邯郸市,邯郸市,邯郸市,邯郸市,邯郸市,邯郸市,邯郸市
E130500,邢台市,邢台市,邢台市,邢台市,邢台市,邢台市,邢台市,邢台市,邢台市,邢台市,邢台市,邢台市,邢台市,邢台市,邢台市,邢台市,邢台市,邢台市,邢台市,邢台市,邢台市,邢台市,邢台市,邢台市,邢台市
E130600,保定市,保定市,保定市,保定市,保定市,保定市,保定市,保定市,保定市,保定市,保定市,保定市,保定市,保定市,保定市,保定市,保定市,保定市,保定市,保定市,保定市,保定市,保定市,保定市,保定市
E130700,张家口市,张家口市,张家口市,张家口市,张家口市,张家口市,张家口市,张家口市,张家口市,张家口市,张家口市,张家口市,张家口市,张家口市,张家口市,张家口市,张家口市,张家口市,张家口市,张家口市,张家口市,张家口市,张家口市,张家口市,张家口市
E130800,承德市,承德市,承德市,承德市,承德市,承德市,承德市,承德市,承德市,承德市,承德市,承德市,承德市,承德市,承德市,承德市,承德市,承德市,承德市,承德市,承德市,承德市,承德市,承德市,承德市
E130900,沧州市,沧州市,沧州市,沧州市,沧州市,沧州市,沧州市,沧州市,沧州市,沧州市,沧州市,沧州市,沧州市,沧州市,沧州市,沧州市,沧州市,沧州市,沧州市,沧州市,沧州市,沧州市,沧州市,沧州市,沧州市
E131000,廊坊市,廊坊市,廊坊市,廊坊市,廊坊市,廊坊市,廊坊市,廊坊市,廊坊市,廊坊市,廊坊市,廊坊市,廊坊市,廊坊市,廊坊市,廊坊市,廊坊市,廊坊市,廊坊市,廊坊市,廊坊市,廊坊市,廊坊市,廊坊市,廊坊市
E131100,衡水市,衡水市,衡水市,衡水市,衡水市,衡水市,衡水市,衡水市,衡水市,衡水市,衡水市,衡水市,衡水市,衡水市,衡水市,衡水市,衡水市,衡水市,衡水市,衡水市,衡水市,衡水市,衡水市,衡水市,衡水市
E140100,太原市,太原市,太原市,太原市,太原市,太原市,太原市,太原市,太原市,太原市,太原市,太原市,太原市,太原市,太原市,太原市,太原市,太原市,太原市,太原市,太原市,太原市,太原市,太原市,太原市
E140200,大同市,大同市,大同市,大同市,大同市,大同市,大同市,大同市,大同市,大同市,大同市,大同市,大同市,大同市,大同市,大同市,大同市,大同市,大同市,大同市,大同市,大同市,大同市,大同市,大同市
E140300,阳泉市,阳泉市,阳泉市,阳泉市,阳泉市,阳泉市,阳泉市,阳泉市,阳泉市,阳泉市,阳泉市,阳泉市,阳泉市,阳泉市,阳泉市,阳泉市,阳泉市,阳泉市,阳泉市,阳泉市,阳泉市,阳泉市,阳泉市,阳泉市,阳泉市
E140400,长治市,长治市,长治市,长治市,长治市,长治市,长治市,长治市,长治市,长治市,长治市,长治市,长治市,长治市,长治市,长治市,长治市,长治市,长治市,长治市,长治市,长治市,长治市,长治市,长治市
E140500,晋城市,晋城市,晋城市,晋城市,晋城市,晋城市,晋城市,晋城市,晋城市,晋城市,晋城市,晋城市,晋城市,晋城市,晋城市,晋城市,晋城市,晋城市,晋城市,晋城市,晋城市,晋城市,晋城市,晋城市,晋城市
E140600,朔州市,朔州市,朔州市,朔州市,朔州市,朔州市,朔州市,朔州市,朔州市,朔州市,朔州市,朔州市,朔州市,朔州市,朔州市,朔州市,朔州市,朔州市,朔州市,朔州市,朔州市,朔州市,朔州市,朔州市,朔州市
E140700,晋中市,晋中市,晋中市,晋中市,晋中市,晋中市,晋中市,晋中市,晋中市,晋中市,晋中市,晋中市,晋中市,晋中市,晋中市,晋中市,晋中市,晋中市,晋中市,晋中市,晋中市,晋中市,晋中市,晋中市,晋中市
E140800,运城市,运城市,运城市,运城市,运城市,运城市,运城市,运城市,运城市,运城市,运城市,运城市,运城市,运城市,运城市,运城市,运城市,运城市,运城市,运城市,运城市,运城市,运城市,运城市,运城市
E140900,忻州市,忻州市,忻州市,忻州市,忻州市,忻州市,忻州市,忻州市,忻州市,忻州市,忻州市,忻州市,忻州市,忻州市,忻州市,忻州市,忻州市,忻州市,忻州市,忻州市,忻州市,忻州市,忻州市,忻州市,忻州市
E141000,临汾市,临汾市,临汾市,临汾市,临汾市,临汾市,临汾市,临汾市,临汾市,临汾市,临汾市,临汾市,临汾市,临汾市,临汾市,临汾市,临汾市,临汾市,临汾市,临汾市,临汾市,临汾市,临汾市,临汾市,临汾市
E141100,吕梁地区,吕梁地区,吕梁地区,吕梁市,吕梁市,吕梁市,吕梁市,吕梁市,吕梁市,吕梁市,吕梁市,吕梁市,吕梁市,吕梁市,吕梁市,吕梁市,吕梁市,吕梁市,吕梁市,吕梁市,吕梁市,吕梁市,吕梁市,吕梁市,吕梁市
E150100,呼和浩特市,呼和浩特市,呼和浩特市,呼和浩特市,呼和浩特市,呼和浩特市,呼和浩特市,呼和浩特市,呼和浩特市,呼和浩特市,呼和浩特市,呼和浩特市,呼和浩特市,呼和浩特市,呼和浩特市,呼和浩特市,呼和浩特市,呼和浩特市,呼和浩特市,呼和浩特市,呼和浩特市,呼和浩特市,呼和浩特市,呼和浩特市,呼和浩特市
E150200,包头市,包头市,包头市,包头市,包头市,包头市,包头市,包头市,包头市,包头市,包头市,包头市,包头市,包头市,包头市,包头市,包头市,包头市,包头市,包头市,包头市,包头市,包头市,包头市,包头市
E150300,乌海市,乌海市,乌海市,乌海市,乌海市,乌海市,乌海市,乌海市,乌海市,乌海市,乌海市,乌海市,乌海市,乌海市,乌海市,乌海市,乌海市,乌海市,乌海市,乌海市,乌海市,乌海市,乌海市,乌海市,乌海市
E150400,赤峰市,赤峰市,赤峰市,赤峰市,赤峰市,赤峰市,赤峰市,赤峰市,赤峰市,赤峰市,赤峰市,赤峰市,赤峰市,赤峰市,赤峰市,赤峰市,赤峰市,赤峰市,赤峰市,赤峰市,赤峰市,赤峰市,赤峰市,赤峰市,赤峰市
E150500,通辽市,通辽市,通辽市,通辽市,通辽市,通辽市,通辽市,通辽市,通辽市,通辽市,通辽市,通辽市,通辽市,通辽市,通辽市,通辽市,通辽市,通辽市,通辽市,通辽市,通辽市,通辽市,通辽市,通辽市,通辽市
E150600,伊克昭盟,鄂尔多斯市,鄂尔多斯市,鄂尔多斯市,鄂尔多斯市,鄂尔多斯市,鄂尔多斯市,鄂尔多斯市,鄂尔多斯市,鄂尔多斯市,鄂尔多斯市,鄂尔多斯市,鄂尔多斯市,鄂尔多斯市,鄂尔多斯市,鄂尔多斯市,鄂尔多斯市,鄂尔多斯市,鄂尔多斯市,鄂尔多斯市,鄂尔多斯市,鄂尔多斯市,鄂尔多斯市,鄂尔多斯市,鄂尔多斯市
E150700,呼伦贝尔盟,呼伦贝尔市,呼伦贝尔市,呼伦贝尔市,呼伦贝尔市,呼伦贝尔市,呼伦贝尔市,呼伦贝尔市,呼伦贝尔市,呼伦贝尔市,呼伦贝尔市,呼伦贝尔市,呼伦贝尔市,呼伦贝尔市,呼伦贝尔市,呼伦贝尔市,呼伦贝尔市,呼伦贝尔市,呼伦贝尔市,呼伦贝尔市,呼伦贝尔市,呼伦贝尔市,呼伦贝尔市,呼伦贝尔市,呼伦贝尔市
E150800,巴彦淖尔盟,巴彦淖尔盟,巴彦淖尔盟,巴彦淖尔市,巴彦淖尔市,巴彦淖尔市,巴彦淖尔市,巴彦淖尔市,巴彦淖尔市,巴彦淖尔市,巴彦淖尔市,巴彦淖尔市,巴彦淖尔市,巴彦淖尔市,巴彦淖尔市,巴彦淖尔市,巴彦淖尔市,巴彦淖尔市,巴彦淖尔市,巴彦淖尔市,巴彦淖尔市,巴彦淖尔市,巴彦淖尔市,巴彦淖尔市,巴彦淖尔市
E150900,乌兰察布盟,乌兰察布盟,乌兰察布盟,乌兰察布市,乌兰察布市,乌兰察布市,乌兰察布市,乌兰察布市,乌兰察布市,乌兰察布市,乌兰察布市,乌兰察布市,乌兰察布市,乌兰察布市,乌兰察布市,乌兰察布市,乌兰察布市,乌兰察布市,乌兰察布市,乌兰察布市,乌兰察布市,乌兰察布市,乌兰察布市,乌兰察布市,乌兰察布市
E152200,兴安盟,兴安盟,兴安盟,兴安盟,兴安盟,兴安盟,兴安盟,兴安盟,兴安盟,兴安盟,兴安盟,兴安盟,兴安盟,兴安盟,兴安盟,兴安盟,兴安盟,兴安盟,兴安盟,兴安盟,兴安盟,兴安盟,兴安盟,兴安盟,兴安盟
E152500,锡林郭勒盟,锡林郭勒盟,锡林郭勒盟,锡林郭勒盟,锡林郭勒盟,锡林郭勒盟,锡林郭勒盟,锡林郭勒盟,锡林郭勒盟,锡林郭勒盟,锡林郭勒盟,锡林郭勒盟,锡林郭勒盟,锡林郭勒盟,锡林郭勒盟,锡林郭勒盟,锡林郭勒盟,锡林郭勒盟,锡林郭勒盟,锡林郭勒盟,锡林郭勒盟,锡林郭勒盟,锡林郭勒盟,锡林郭勒盟,锡林郭勒盟
E152900,阿拉善盟,阿拉善盟,阿拉善盟,阿拉善盟,阿拉善盟,阿拉善盟,阿拉善盟,阿拉善盟,阿拉善盟,阿拉善盟,阿拉善盟,阿拉善盟,阿拉善盟,阿拉善盟,阿拉善盟,阿拉善盟,阿拉善盟,阿拉善盟,阿拉善盟,阿拉善盟,阿拉善盟,阿拉善盟,阿拉善盟,阿拉善盟,阿拉善盟
E210100,沈阳市,沈阳市,沈阳市,沈阳市,沈阳市,沈阳市,沈阳市,沈阳市,沈阳市,沈阳市,沈阳市,沈阳市,沈阳市,沈阳市,沈阳市,沈阳市,沈阳市,沈阳市,沈阳市,沈阳市,沈阳市,沈阳市,沈阳市,沈阳市,沈阳市
E210200,大连市,大连市,大连市,大连市,大连市,大连市,大连市,大连市,大连市,大连市,大连市,大连市,大连市,大连市,大连市,大连市,大连市,大连市,大连市,大连市,大连市,大连市,大连市,大连市,大连市
E210300,鞍山市,鞍山市,鞍山市,鞍山市,鞍山市,鞍山市,鞍山市,鞍山市,鞍山市,鞍山市,鞍山市,鞍山市,鞍山市,鞍山市,鞍山市,鞍山市,鞍山市,鞍山市,鞍山市,鞍山市,鞍山市,鞍山市,鞍山市,鞍山市,鞍山市
E210400,抚顺市,抚顺市,抚顺市,抚顺市,抚顺市,抚顺市,抚顺市,抚顺市,抚顺市,抚顺市,抚顺市,抚顺市,抚顺市,抚顺市,抚顺市,抚顺市,抚顺市,抚顺市,抚顺市,抚顺市,抚顺市,抚顺市,抚顺市,抚顺市,抚顺市
E210500,本溪市,本溪市,本溪市,本溪市,本溪市,本溪市,本溪市,本溪市,本溪市,本溪市,本溪市,本溪市,本溪市,本溪市,本溪市,本溪市,本溪市,本溪市,本溪市,本溪市,本溪市,本溪市,本溪市,本溪市,本溪市
E210600,丹东市,丹东市,丹东市,丹东市,丹东市,丹东市,丹东市,丹东市,丹东市,丹东市,丹东市,丹东市,丹东市,丹东市,丹东市,丹东市,丹东市,丹东市,丹东市,丹东市,丹东市,丹东市,丹东市,丹东市,丹东市
E210700,锦州市,锦州市,锦州市,锦州市,锦州市,锦州市,锦州市,锦州市,锦州市,锦州市,锦州市,锦州市,锦州市,锦州市,锦州市,锦州市,锦州市,锦州市,锦州市,锦州市,锦州市,锦州市,锦州市,锦州市,锦州市
E210800,营口市,营口市,营口市,营口市,营口市,营口市,营口市,营口市,营口市,营口市,营口市,营口市,营口市,营口市,营口市,营口市,营口市,营口市,营口市,营口市,营口市,营口市,营口市,营口市,营口市
E210900,阜新市,阜新市,阜新市,阜新市,阜新市,阜新市,阜新市,阜新市,阜新市,阜新市,阜新市,阜新市,阜新市,阜新市,阜新市,阜新市,阜新市,阜新市,阜新市,阜新市,阜新市,阜新市,阜新市,阜新市,阜新市
E211000,辽阳市,辽阳市,辽阳市,辽阳市,辽阳市,辽阳市,辽阳市,辽阳市,辽阳市,辽阳市,辽阳市,辽阳市,辽阳市,辽阳市,辽阳市,辽阳市,辽阳市,辽阳市,辽阳市,辽阳市,辽阳市,辽阳市,辽阳市,辽阳市,辽阳市
E211100,盘锦市,盘锦市,盘锦市,盘锦市,盘锦市,盘锦市,盘锦市,盘锦市,盘锦市,盘锦市,盘锦市,盘锦市,盘锦市,盘锦市,盘锦市,盘锦市,盘锦市,盘锦市,盘锦市,盘锦市,盘锦市,盘锦市,盘锦市,盘锦市,盘锦市
E211200,铁岭市,铁岭市,铁岭市,铁岭市,铁岭市,铁岭市,铁岭市,铁岭市,铁岭市,铁岭市,铁岭市,铁岭市,铁岭市,铁岭市,铁岭市,铁岭市,铁岭市,铁岭市,铁岭市,铁岭市,铁岭市,铁岭市,铁岭市,铁岭市,铁岭市
E211300,朝阳市,朝阳市,朝阳市,朝阳市,朝阳市,朝阳市,朝阳市,朝阳市,朝阳市,朝阳市,朝阳市,朝阳市,朝阳市,朝阳市,朝阳市,朝阳市,朝阳市,朝阳市,朝阳市,朝阳市,朝阳市,朝阳市,朝阳市,朝阳市,朝阳市
E211400,葫芦岛市,葫芦岛市,葫芦岛市,葫芦岛市,葫芦岛市,葫芦岛市,葫芦岛市,葫芦岛市,葫芦岛市,葫芦岛市,葫芦岛市,葫芦岛市,葫芦岛市,葫芦岛市,葫芦岛市,葫芦岛市,葫芦岛市,葫芦岛市,葫芦岛市,葫芦岛市,葫芦岛市,葫芦岛市,葫芦岛市,葫芦岛市,葫芦岛市
E220100,长春市,长春市,长春市,长春市,长春市,长春市,长春市,长春市,长春市,长春市,长春市,长春市,长春市,长春市,长春市,长春市,长春市,长春市,长春市,长春市,长春市,长春市,长春市,长春市,长春市
E220200,吉林市,吉林市,吉林市,吉林市,吉林市,吉林市,吉林市,吉林市,吉林市,吉林市,吉林市,吉林市,吉林市,吉林市,吉林市,吉林市,吉林市,吉林市,吉林市,吉林市,吉林市,吉林市,吉林市,吉林市,吉林市
E220300,四平市,四平市,四平市,四平市,四平市,四平市,四平市,四平市,四平市,四平市,四平市,四平市,四平市,四平市,四平市,四平市,四平市,四平市,四平市,四平市,四平市,四平市,四平市,四平市,四平市
E220400,辽源市,辽源市,辽源市,辽源市,辽源市,辽源市,辽源市,辽源市,辽源市,辽源市,辽源市,辽源市,辽源市,辽源市,辽源市,辽源市,辽源市,辽源市,辽源市,辽源市,辽源市,辽源市,辽源市,辽源市,辽源市
E220500,通化市,通化市,通化市,通化市,通化市,通化市,通化市,通化市,通化市,通化市,通化市,通化市,通化市,通化市,通化市,通化市,通化市,通化市,通化市,通化市,通化市,通化市,通化市,通化市,通化市
E220600,白山市,白山市,白山市,白山市,白山市,白山市,白山市,白山市,白山市,白山市,白山市,白山市,白山市,白山市,白山市,白山市,白山市,白山市,白山市,白山市,白山市,白山市,白山市,白山市,白山市
E220700,松原市,松原市,松原市,松原市,松原市,松原市,松原市,松原市,松原市,松原市,松原市,松原市,松原市,松原市,松原市,松原市,松原市,松原市,松原市,松原市,松原市,松原市,松原市,松原市,松原市
E220800,白城市,白城市,白城市,白城市,白城市,白城市,白城市,白城市,白城市,白城市,白城市,白城市,白城市,白城市,白城市,白城市,白城市,白城市,白城市,白城市,白城市,白城市,白城市,白城市,白城市
E222400,延边朝鲜族自治州,延边朝鲜族自治州,延边朝鲜族自治州,延边朝鲜族自治州,延边朝鲜族自治州,延边朝鲜族自治州,延边朝鲜族自治州,延边朝鲜族自治州,延边朝鲜族自治州,延边朝鲜族自治州,延边朝鲜族自治州,延边朝鲜族自治州,延边朝鲜族自治州,延边朝鲜族自治州,延边朝鲜族自治州,延边朝鲜族自治州,延边朝鲜族自治州,延边朝鲜族自治州,延边朝鲜族自治州,延边朝鲜族自治州,延边朝鲜族自治州,延边朝鲜族自治州,延边朝鲜族自治州,延边朝鲜族自治州,延边朝鲜族自治州
E230100,哈尔滨市,哈尔滨市,哈尔滨市,哈尔滨市,哈尔滨市,哈尔滨市,哈尔滨市,哈尔滨市,哈尔滨市,哈尔滨市,哈尔滨市,哈尔滨市,哈尔滨市,哈尔滨市,哈尔滨市,哈尔滨市,哈尔滨市,哈尔滨市,哈尔滨市,哈尔滨市,哈尔滨市,哈尔滨市,哈尔滨市,哈尔滨市,哈尔滨市
E230200,齐齐哈尔市,齐齐哈尔市,齐齐哈尔市,齐齐哈尔市,齐齐哈尔市,齐齐哈尔市,齐齐哈尔市,齐齐哈尔市,齐齐哈尔市,齐齐哈尔市,齐齐哈尔市,齐齐哈尔市,齐齐哈尔市,齐齐哈尔市,齐齐哈尔市,齐齐哈尔市,齐齐哈尔市,齐齐哈尔市,齐齐哈尔市,齐齐哈尔市,齐齐哈尔市,齐齐哈尔市,齐齐哈尔市,齐齐哈尔市,齐齐哈尔市
E230300,鸡西市,鸡西市,鸡西市,鸡西市,鸡西市,鸡西市,鸡西市,鸡西市,鸡西市,鸡西市,鸡西市,鸡西市,鸡西市,鸡西市,鸡西市,鸡西市,鸡西市,鸡西市,鸡西市,鸡西市,鸡西市,鸡西市,鸡西市,鸡西市,鸡西市
E230400,鹤岗市,鹤岗市,鹤岗市,鹤岗市,鹤岗市,鹤岗市,鹤岗市,鹤岗市,鹤岗市,鹤岗市,鹤岗市,鹤岗市,鹤岗市,鹤岗市,鹤岗市,鹤岗市,鹤岗市,鹤岗市,鹤岗市,鹤岗市,鹤岗市,鹤岗市,鹤岗市,鹤岗市,鹤岗市
E230500,双鸭山市,双鸭山市,双鸭山市,双鸭山市,双鸭山市,双鸭山市,双鸭山市,双鸭山市,双鸭山市,双鸭山市,双鸭山市,双鸭山市,双鸭山市,双鸭山市,双鸭山市,双鸭山市,双鸭山市,双鸭山市,双鸭山市,双鸭山市,双鸭山市,双鸭山市,双鸭山市,双鸭山市,双鸭山市
E230600,大庆市,大庆市,大庆市,大庆市,大庆市,大庆市,大庆市,大庆市,大庆市,大庆市,大庆市,大庆市,大庆市,大庆市,大庆市,大庆市,大庆市,大庆市,大庆市,大庆市,大庆市,大庆市,大庆市,大庆市,大庆市
E230700,伊春市,伊春市,伊春市,伊春市,伊春市,伊春市,伊春市,伊春市,伊春市,伊春市,伊春市,伊春市,伊春市,伊春市,伊春市,伊春市,伊春市,伊春市,伊春市,伊春市,伊春市,伊春市,伊春市,伊春市,伊春市
E230800,佳木斯市,佳木斯市,佳木斯市,佳木斯市,佳木斯市,佳木斯市,佳木斯市,佳木斯市,佳木斯市,佳木斯市,佳木斯市,佳木斯市,佳木斯市,佳木斯市,佳木斯市,佳木斯市,佳木斯市,佳木斯市,佳木斯市,佳木斯市,佳木斯市,佳木斯市,佳木斯市,佳木斯市,佳木斯市
E230900,七台河市,七台河市,七台河市,七台河市,七台河市,七台河市,七台河市,七台河市,七台河市,七台河市,七台河市,七台河市,七台河市,七台河市,七台河市,七台河市,七台河市,七台河市,七台河市,七台河市,七台河市,七台河市,七台河市,七台河市,七台河市
E231000,牡丹江市,牡丹江市,牡丹江市,牡丹江市,牡丹江市,牡丹江市,牡丹江市,牡丹江市,牡丹江市,牡丹江市,牡丹江市,牡丹江市,牡丹江市,牡丹江市,牡丹江市,牡丹江市,牡丹江市,牡丹江市,牡丹江市,牡丹江市,牡丹江市,牡丹江市,牡丹江市,牡丹江市,牡丹江市
E231100,黑河市,黑河市,黑河市,黑河市,黑河市,黑河市,黑河市,黑河市,黑河市,黑河市,黑河市,黑河市,黑河市,黑河市,黑河市,黑河市,黑河市,黑河市,黑河市,黑河市,黑河市,黑河市,黑河市,黑河市,黑河市
E231200,绥化市,绥化市,绥化市,绥化市,绥化市,绥化市,绥化市,绥化市,绥化市,绥化市,绥化市,绥化市,绥化市,绥化市,绥化市,绥化市,绥化市,绥化市,绥化市,绥化市,绥化市,绥化市,绥化市,绥化市,绥化市
E232700,大兴安岭地区,大兴安岭地区,大兴安岭地区,大兴安岭地区,大兴安岭地区,大兴安岭地区,大兴安岭地区,大兴安岭地区,大兴安岭地区,大兴安岭地区,大兴安岭地区,大兴安岭地区,大兴安岭地区,大兴安岭地区,大兴安岭地区,大兴安岭地区,大兴安岭地区,大兴安岭地区,大兴安岭地区,大兴安岭地区,大兴安岭地区,大兴安岭地区,大兴安岭地区,大兴安岭地区,大兴安岭地区
E310100,上海市,上海市,上海市,上海市,上海市,上海市,上海市,上海市,上海市,上海市,上海市,上海市,上海市,上海市,上海市,上海市,上海市,上海市,上海市,上海市,上海市,上海市,上海市,上海市,上海市
E320100,南京市,南京市,南京市,南京市,南京市,南京市,南京市,南京市,南京市,南京市,南京市,南京市,南京市,南京市,南京市,南京市,南京市,南京市,南京市,南京市,南京市,南京市,南京市,南京市,南京市
E320200,无锡市,无锡市,无锡市,无锡市,无锡市,无锡市,无锡市,无锡市,无锡市,无锡市,无锡市,无锡市,无锡市,无锡市,无锡市,无锡市,无锡市,无锡市,无锡市,无锡市,无锡市,无锡市,无锡市,无锡市,无锡市
E320300,徐州市,徐州市,徐州市,徐州市,徐州市,徐州市,徐州市,徐州市,徐州市,徐州市,徐州市,徐州市,徐州市,徐州市,徐州市,徐州市,徐州市,徐州市,徐州市,徐州市,徐州市,徐州市,徐州市,徐州市,徐州市
E320400,常州市,常州市,常州市,常州市,常州市,常州市,常州市,常州市,常州市,常州市,常州市,常州市,常州市,常州市,常州市,常州市,常州市,常州市,常州市,常州市,常州市,常州市,常州市,常州市,常州市
E320500,苏州市,苏州市,苏州市,苏州市,苏州市,苏州市,苏州市,苏州市,苏州市,苏州市,苏州市,苏州市,苏州市,苏州市,苏州市,苏州市,苏州市,苏州市,苏州市,苏州市,苏州市,苏州市,苏州市,苏州市,苏州市
E320600,南通市,南通市,南通市,南通市,南通市,南通市,南通市,南通市,南通市,南通市,南通市,南通市,南通市,南通市,南通市,南通市,南通市,南通市,南通市,南通市,南通市,南通市,南通市,南通市,南通市
E320700,连云港市,连云港市,连云港市,连云港市,连云港市,连云港市,连云港市,连云港市,连云港市,连云港市,连云港市,连云港市,连云港市,连云港市,连云港市,连云港市,连云港市,连云港市,连云港市,连云港市,连云港市,连云港市,连云港市,连云港市,连云港市
E320800,淮安市,淮安市,淮安市,淮安市,淮安市,淮安市,淮安市,淮安市,淮安市,淮安市,淮安市,淮安市,淮安市,淮安市,淮安市,淮安市,淮安市,淮安市,淮安市,淮安市,淮安市,淮安市,淮安市,淮安市,淮安市
E320900,盐城市,盐城市,盐城市,盐城市,盐城市,盐城市,盐城市,盐城市,盐城市,盐城市,盐城市,盐城市,盐城市,盐城市,盐城市,盐城市,盐城市,盐城市,盐城市,盐城市,盐城市,盐城市,盐城市,盐城市,盐城市
E321000,扬州市,扬州市,扬州市,扬州市,扬州市,扬州市,扬州市,扬州市,扬州市,扬州市,扬州市,扬州市,扬州市,扬州市,扬州市,扬州市,扬州市,扬州市,扬州市,扬州市,扬州市,扬州市,扬州市,扬州市,扬州市
E321100,镇江市,镇江市,镇江市,镇江市,镇江市,镇江市,镇江市,镇江市,镇江市,镇江市,镇江市,镇江市,镇江市,镇江市,镇江市,镇江市,镇江市,镇江市,镇江市,镇江市,镇江市,镇江市,镇江市,镇江市,镇江市
E321200,泰州市,泰州市,泰州市,泰州市,泰州市,泰州市,泰州市,泰州市,泰州市,泰州市,泰州市,泰州市,泰州市,泰州市,泰州市,泰州市,泰州市,泰州市,泰州市,泰州市,泰州市,泰州市,泰州市,泰州市,泰州市
E321300,宿迁市,宿迁市,宿迁市,宿迁市,宿迁市,宿迁市,宿迁市,宿迁市,宿迁市,宿迁市,宿迁市,宿迁市,宿迁市,宿迁市,宿迁市,宿迁市,宿迁市,宿迁市,宿迁市,宿迁市,宿迁市,宿迁市,宿迁市,宿迁市,宿迁市
E330100,杭州市,杭州市,杭州市,杭州市,杭州市,杭州市,杭州市,杭州市,杭州市,杭州市,杭州市,杭州市,杭州市,杭州市,杭州市,杭州市,杭州市,杭州市,杭州市,杭州市,杭州市,杭州市,杭州市,杭州市,杭州市
E330200,宁波市,宁波市,宁波市,宁波市,宁波市,宁波市,宁波市,宁波市,宁波市,宁波市,宁波市,宁波市,宁波市,宁波市,宁波市,宁波市,宁波市,宁波市,宁波市,宁波市,宁波市,宁波市,宁波市,宁波市,宁波市
E330300,温州市,温州市,温州市,温州市,温州市,温州市,温州市,温州市,温州市,温州市,温州市,温州市,温州市,温州市,温州市,温州市,温州市,温州市,温州市,温州市,温州市,温州市,温州市,温州市,温州市
E330400,嘉兴市,嘉兴市,嘉兴市,嘉兴市,嘉兴市,嘉兴市,嘉兴市,嘉兴市,嘉兴市,嘉兴市,嘉兴市,嘉兴市,嘉兴市,嘉兴市,嘉兴市,嘉兴市,嘉兴市,嘉兴市,嘉兴市,嘉兴市,嘉兴市,嘉兴市,嘉兴市,嘉兴市,嘉兴市
E330500,湖州市,湖州市,湖州市,湖州市,湖州市,湖州市,湖州市,湖州市,湖州市,湖州市,湖州市,湖州市,湖州市,湖州市,湖州市,湖州市,湖州市,湖州市,湖州市,湖州市,湖州市,湖州市,湖州市,湖州市,湖州市
E330600,绍兴市,绍兴市,绍兴市,绍兴市,绍兴市,绍兴市,绍兴市,绍兴市,绍兴市,绍兴市,绍兴市,绍兴市,绍兴市,绍兴市,绍兴市,绍兴市,绍兴市,绍兴市,绍兴市,绍兴市,绍兴市,绍兴市,绍兴市,绍兴市,绍兴市
E330700,金华市,金华市,金华市,金华市,金华市,金华市,金华市,金华市,金华市,金华市,金华市,金华市,金华市,金华市,金华市,金华市,金华市,金华市,金华市,金华市,金华市,金华市,金华市,金华市,金华市
E330800,衢州市,衢州市,衢州市,衢州市,衢州市,衢州市,衢州市,衢州市,衢州市,衢州市,衢州市,衢州市,衢州市,衢州市,衢州市,衢州市,衢州市,衢州市,衢州市,衢州市,衢州市,衢州市,衢州市,衢州市,衢州市
E330900,舟山市,舟山市,舟山市,舟山市,舟山市,舟山市,舟山市,舟山市,舟山市,舟山市,舟山市,舟山市,舟山市,舟山市,舟山市,舟山市,舟山市,舟山市,舟山市,舟山市,舟山市,舟山市,舟山市,舟山市,舟山市
E331000,台州市,台州市,台州市,台州市,台州市,台州市,台州市,台州市,台州市,台州市,台州市,台州市,台州市,台州市,台州市,台州市,台州市,台州市,台州市,台州市,台州市,台州市,台州市,台州市,台州市
E331100,丽水市,丽水市,丽水市,丽水市,丽水市,丽水市,丽水市,丽水市,丽水市,丽水市,丽水市,丽水市,丽水市,丽水市,丽水市,丽水市,丽水市,丽水市,丽水市,丽水市,丽水市,丽水市,丽水市,丽水市,丽水市
E340100,合肥市,合肥市,合肥市,合肥市,合肥市,合肥市,合肥市,合肥市,合肥市,合肥市,合肥市,合肥市,合肥市,合肥市,合肥市,合肥市,合肥市,合肥市,合肥市,合肥市,合肥市,合肥市,合肥市,合肥市,合肥市
E340200,芜湖市,芜湖市,芜湖市,芜湖市,芜湖市,芜湖市,芜湖市,芜湖市,芜湖市,芜湖市,芜湖市,芜湖市,芜湖市,芜湖市,芜湖市,芜湖市,芜湖市,芜湖市,芜湖市,芜湖市,芜湖市,芜湖市,芜湖市,芜湖市,芜湖市
E340300,蚌埠市,蚌埠市,蚌埠市,蚌埠市,蚌埠市,蚌埠市,蚌埠市,蚌埠市,蚌埠市,蚌埠市,蚌埠市,蚌埠市,蚌埠市,蚌埠市,蚌埠市,蚌埠市,蚌埠市,蚌埠市,蚌埠市,蚌埠市,蚌埠市,蚌埠市,蚌埠市,蚌埠市,蚌埠市
E340400,淮南市,淮南市,淮南市,淮南市,淮南市,淮南市,淮南市,淮南市,淮南市,淮南市,淮南市,淮南市,淮南市,淮南市,淮南市,淮南市,淮南市,淮南市,淮南市,淮南市,淮南市,淮南市,淮南市,淮南市,淮南市
E340500,马鞍山市,马鞍山市,马鞍山市,马鞍山市,马鞍山市,马鞍山市,马鞍山市,马鞍山市,马鞍山市,马鞍山市,马鞍山市,马鞍山市,马鞍山市,马鞍山市,马鞍山市,马鞍山市,马鞍山市,马鞍山市,马鞍山市,马鞍山市,马鞍山市,马鞍山市,马鞍山市,马鞍山市,马鞍山市
E340600,淮北市,淮北市,淮北市,淮北市,淮北市,淮北市,淮北市,淮北市,淮北市,淮北市,淮北市,淮北市,淮北市,淮北市,淮北市,淮北市,淮北市,淮北市,淮北市,淮北市,淮北市,淮北市,淮北市,淮北市,淮北市
E340700,铜陵市,铜陵市,铜陵市,铜陵市,铜陵市,铜陵市,铜陵市,铜陵市,铜陵市,铜陵市,铜陵市,铜陵市,铜陵市,铜陵市,铜陵市,铜陵市,铜陵市,铜陵市,铜陵市,铜陵市,铜陵市,铜陵市,铜陵市,铜陵市,铜陵市
E340800,安庆市,安庆市,安庆市,安庆市,安庆市,安庆市,安庆市,安庆市,安庆市,安庆市,安庆市,安庆市,安庆市,安庆市,安庆市,安庆市,安庆市,安庆市,安庆市,安庆市,安庆市,安庆市,安庆市,安庆市,安庆市
E341000,黄山市,黄山市,黄山市,黄山市,黄山市,黄山市,黄山市,黄山市,黄山市,黄山市,黄山市,黄山市,黄山市,黄山市,黄山市,黄山市,黄山市,黄山市,黄山市,黄山市,黄山市,黄山市,黄山市,黄山市,黄山市
E341100,滁州市,滁州市,滁州市,滁州市,滁州市,滁州市,滁州市,滁州市,滁州市,滁州市,滁州市,滁州市,滁州市,滁州市,滁州市,滁州市,滁州市,滁州市,滁州市,滁州市,滁州市,滁州市,滁州市,滁州市,滁州市
E341200,阜阳市,阜阳市,阜阳市,阜阳市,阜阳市,阜阳市,阜阳市,阜阳市,阜阳市,阜阳市,阜阳市,阜阳市,阜阳市,阜阳市,阜阳市,阜阳市,阜阳市,阜阳市,阜阳市,阜阳市,阜阳市,阜阳市,阜阳市,阜阳市,阜阳市
E341300,宿州市,宿州市,宿州市,宿州市,宿州市,宿州市,宿州市,宿州市,宿州市,宿州市,宿州市,宿州市,宿州市,宿州市,宿州市,宿州市,宿州市,宿州市,宿州市,宿州市,宿州市,宿州市,宿州市,宿州市,宿州市
E341400,巢湖市,巢湖市,巢湖市,巢湖市,巢湖市,巢湖市,巢湖市,巢湖市,巢湖市,巢湖市,巢湖市,巢湖市,巢湖市,巢湖市,巢湖市,巢湖市,巢湖市,巢湖市,巢湖市,巢湖市,巢湖市,巢湖市,巢湖市,巢湖市,巢湖市
E341500,六安市,六安市,六安市,六安市,六安市,六安市,六安市,六安市,六安市,六安市,六安市,六安市,六安市,六安市,六安市,六安市,六安市,六安市,六安市,六安市,六安市,六安市,六安市,六安市,六安市
E341600,亳州市,亳州市,亳州市,亳州市,亳州市,亳州市,亳州市,亳州市,亳州市,亳州市,亳州市,亳州市,亳州市,亳州市,亳州市,亳州市,亳州市,亳州市,亳州市,亳州市,亳州市,亳州市,亳州市,亳州市,亳州市
E341700,池州市,池州市,池州市,池州市,池州市,池州市,池州市,池州市,池州市,池州市,池州市,池州市,池州市,池州市,池州市,池州市,池州市,池州市,池州市,池州市,池州市,池州市,池州市,池州市,池州市
E341800,宣城市,宣城市,宣城市,宣城市,宣城市,宣城市,宣城市,宣城市,宣城市,宣城市,宣城市,宣城市,宣城市,宣城市,宣城市,宣城市,宣城市,宣城市,宣城市,宣城市,宣城市,宣城市,宣城市,宣城市,宣城市
E350100,福州市,福州市,福州市,福州市,福州市,福州市,福州市,福州市,福州市,福州市,福州市,福州市,福州市,福州市,福州市,福州市,福州市,福州市,福州市,福州市,福州市,福州市,福州市,福州市,福州市
E350200,厦门市,厦门市,厦门市,厦门市,厦门市,厦门市,厦门市,厦门市,厦门市,厦门市,厦门市,厦门市,厦门市,厦门市,厦门市,厦门市,厦门市,厦门市,厦门市,厦门市,厦门市,厦门市,厦门市,厦门市,厦门市
E350300,莆田市,莆田市,莆田市,莆田市,莆田市,莆田市,莆田市,莆田市,莆田市,莆田市,莆田市,莆田市,莆田市,莆田市,莆田市,莆田市,莆田市,莆田市,莆田市,莆田市,莆田市,莆田市,莆田市,莆田市,莆田市
E350400,三明市,三明市,三明市,三明市,三明市,三明市,三明市,三明市,三明市,三明市,三明市,三明市,三明市,三明市,三明市,三明市,三明市,三明市,三明市,三明市,三明市,三明市,三明市,三明市,三明市
E350500,泉州市,泉州市,泉州市,泉州市,泉州市,泉州市,泉州市,泉州市,泉州市,泉州市,泉州市,泉州市,泉州市,泉州市,泉州市,泉州市,泉州市,泉州市,泉州市,泉州市,泉州市,泉州市,泉州市,泉州市,泉州市
E350600,漳州市,漳州市,漳州市,漳州市,漳州市,漳州市,漳州市,漳州市,漳州市,漳州市,漳州市,漳州市,漳州市,漳州市,漳州市,漳州市,漳州市,漳州市,漳州市,漳州市,漳州市,漳州市,漳州市,漳州市,漳州市
E350700,南平市,南平市,南平市,南平市,南平市,南平市,南平市,南平市,南平市,南平市,南平市,南平市,南平市,南平市,南平市,南平市,南平市,南平市,南平市,南平市,南平市,南平市,南平市,南平市,南平市
E350800,龙岩市,龙岩市,龙岩市,龙岩市,龙岩市,龙岩市,龙岩市,龙岩市,龙岩市,龙岩市,龙岩市,龙岩市,龙岩市,龙岩市,龙岩市,龙岩市,龙岩市,龙岩市,龙岩市,龙岩市,龙岩市,龙岩市,龙岩市,龙岩市,龙岩市
E350900,宁德市,宁德市,宁德市,宁德市,宁德市,宁德市,宁德市,宁德市,宁德市,宁德市,宁德市,宁德市,宁德市,宁德市,宁德市,宁德市,宁德市,宁德市,宁德市,宁德市,宁德市,宁德市,宁德市,宁德市,宁德市
E360100,南昌市,南昌市,南昌市,南昌市,南昌市,南昌市,南昌市,南昌市,南昌市,南昌市,南昌市,南昌市,南昌市,南昌市,南昌市,南昌市,南昌市,南昌市,南昌市,南昌市,南昌市,南昌市,南昌市,南昌市,南昌市
E360200,景德镇市,景德镇市,景德镇市,景德镇市,景德镇市,景德镇市,景德镇市,景德镇市,景德镇市,景德镇市,景德镇市,景德镇市,景德镇市,景德镇市,景德镇市,景德镇市,景德镇市,景德镇市,景德镇市,景德镇市,景德镇市,景德镇市,景德镇市,景德镇市,景德镇市
E360300,萍乡市,萍乡市,萍乡市,萍乡市,萍乡市,萍乡市,萍乡市,萍乡市,萍乡市,萍乡市,萍乡市,萍乡市,萍乡市,萍乡市,萍乡市,萍乡市,萍乡市,萍乡市,萍乡市,萍乡市,萍乡市,萍乡市,萍乡市,萍乡市,萍乡市
E360400,九江市,九江市,九江市,九江市,九江市,九江市,九江市,九江市,九江市,九江市,九江市,九江市,九江市,九江市,九江市,九江市,九江市,九江市,九江市,九江市,九江市,九江市,九江市,九江市,九江市
E360500,新余市,新余市,新余市,新余市,新余市,新余市,新余市,新余市,新余市,新余市,新余市,新余市,新余市,新余市,新余市,新余市,新余市,新余市,新余市,新余市,新余市,新余市,新余市,新余市,新余市
E360600,鹰潭市,鹰潭市,鹰潭市,鹰潭市,鹰潭市,鹰潭市,鹰潭市,鹰潭市,鹰潭市,鹰潭市,鹰潭市,鹰潭市,鹰潭市,鹰潭市,鹰潭市,鹰潭市,鹰潭市,鹰潭市,鹰潭市,鹰潭市,鹰潭市,鹰潭市,鹰潭市,鹰潭市,鹰潭市
E360700,赣州市,赣州市,赣州市,赣州市,赣州市,赣州市,赣州市,赣州市,赣州市,赣州市,赣州市,赣州市,赣州市,赣州市,赣州市,赣州市,赣州市,赣州市,赣州市,赣州市,赣州市,赣州市,赣州市,赣州市,赣州市
E360800,吉安市,吉安市,吉安市,吉安市,吉安市,吉安市,吉安市,吉安市,吉安市,吉安市,吉安市,吉安市,吉安市,吉安市,吉安市,吉安市,吉安市,吉安市,吉安市,吉安市,吉安市,吉安市,吉安市,吉安市,吉安市
E360900,宜春市,宜春市,宜春市,宜春市,宜春市,宜春市,宜春市,宜春市,宜春市,宜春市,宜春市,宜春市,宜春市,宜春市,宜春市,宜春市,宜春市,宜春市,宜春市,宜春市,宜春市,宜春市,宜春市,宜春市,宜春市
E361000,抚州市,抚州市,抚州市,抚州市,抚州市,抚州市,抚州市,抚州市,抚州市,抚州市,抚州市,抚州市,抚州市,抚州市,抚州市,抚州市,抚州市,抚州市,抚州市,抚州市,抚州市,抚州市,抚州市,抚州市,抚州市
E361100,上饶市,上饶市,上饶市,上饶市,上饶市,上饶市,上饶市,上饶市,上饶市,上饶市,上饶市,上饶市,上饶市,上饶市,上饶市,上饶市,上饶市,上饶市,上饶市,上饶市,上饶市,上饶市,上饶市,上饶市,上饶市
E370100,济南市,济南市,济南市,济南市,济南市,济南市,济南市,济南市,济南市,济南市,济南市,济南市,济南市,济南市,济南市,济南市,济南市,济南市,济南市,济南市,济南市,济南市,济南市,济南市,济南市
E370200,青岛市,青岛市,青岛市,青岛市,青岛市,青岛市,青岛市,青岛市,青岛市,青岛市,青岛市,青岛市,青岛市,青岛市,青岛市,青岛市,青岛市,青岛市,青岛市,青岛市,青岛市,青岛市,青岛市,青岛市,青岛市
E370300,淄博市,淄博市,淄博市,淄博市,淄博市,淄博市,淄博市,淄博市,淄博市,淄博市,淄博市,淄博市,淄博市,淄博市,淄博市,淄博市,淄博市,淄博市,淄博市,淄博市,淄博市,淄博市,淄博市,淄博市,淄博市
E370400,枣庄市,枣庄市,枣庄市,枣庄市,枣庄市,枣庄市,枣庄市,枣庄市,枣庄市,枣庄市,枣庄市,枣庄市,枣庄市,枣庄市,枣庄市,枣庄市,枣庄市,枣庄市,枣庄市,枣庄市,枣庄市,枣庄市,枣庄市,枣庄市,枣庄市
E370500,东营市,东营市,东营市,东营市,东营市,东营市,东营市,东营市,东营市,东营市,东营市,东营市,东营市,东营市,东营市,东营市,东营市,东营市,东营市,东营市,东营市,东营市,东营市,东营市,东营市
E370600,烟台市,烟台市,烟台市,烟台市,烟台市,烟台市,烟台市,烟台市,烟台市,烟台市,烟台市,烟台市,烟台市,烟台市,烟台市,烟台市,烟台市,烟台市,烟台市,烟台市,烟台市,烟台市,烟台市,烟台市,烟台市
E370700,潍坊市,潍坊市,潍坊市,潍坊市,潍坊市,潍坊市,潍坊市,潍坊市,潍坊市,潍坊市,潍坊市,潍坊市,潍坊市,潍坊市,潍坊市,潍坊市,潍坊市,潍坊市,潍坊市,潍坊市,潍坊市,潍坊市,潍坊市,潍坊市,潍坊市
E370800,济宁市,济宁市,济宁市,济宁市,济宁市,济宁市,济宁市,济宁市,济宁市,济宁市,济宁市,济宁市,济宁市,济宁市,济宁市,济宁市,济宁市,济宁市,济宁市,济宁市,济宁市,济宁市,济宁市,济宁市,济宁市
E370900,泰安市,泰安市,泰安市,泰安市,泰安市,泰安市,泰安市,泰安市,泰安市,泰安市,泰安市,泰安市,泰安市,泰安市,泰安市,泰安市,泰安市,泰安市,泰安市,泰安市,泰安市,泰安市,泰安市,泰安市,泰安市
E371000,威海市,威海市,威海市,威海市,威海市,威海市,威海市,威海市,威海市,威海市,威海市,威海市,威海市,威海市,威海市,威海市,威海市,威海市,威海市,威海市,威海市,威海市,威海市,威海市,威海市
E371100,日照市,日照市,日照市,日照市,日照市,日照市,日照市,日照市,日照市,日照市,日照市,日照市,日照市,日照市,日照市,日照市,日照市,日照市,日照市,日照市,日照市,日照市,日照市,日照市,日照市
E371200,莱芜市,莱芜市,莱芜市,莱芜市,莱芜市,莱芜市,莱芜市,莱芜市,莱芜市,莱芜市,莱芜市,莱芜市,莱芜市,莱芜市,莱芜市,莱芜市,莱芜市,莱芜市,莱芜市,莱芜市,莱芜市,莱芜市,莱芜市,莱芜市,莱芜市
E371300,临沂市,临沂市,临沂市,临沂市,临沂市,临沂市,临沂市,临沂市,临沂市,临沂市,临沂市,临沂市,临沂市,临沂市,临沂市,临沂市,临沂市,临沂市,临沂市,临沂市,临沂市,临沂市,临沂市,临沂市,临沂市
E371400,德州市,德州市,德州市,德州市,德州市,德州市,德州市,德州市,德州市,德州市,德州市,德州市,德州市,德州市,德州市,德州市,德州市,德州市,德州市,德州市,德州市,德州市,德州市,德州市,德州市
E371500,聊城市,聊城市,聊城市,聊城市,聊城市,聊城市,聊城市,聊城市,聊城市,聊城市,聊城市,聊城市,聊城市,聊城市,聊城市,聊城市,聊城市,聊城市,聊城市,聊城市,聊城市,聊城市,聊城市,聊城市,聊城市
E371600,滨州市,滨州市,滨州市,滨州市,滨州市,滨州市,滨州市,滨州市,滨州市,滨州市,滨州市,滨州市,滨州市,滨州市,滨州市,滨州市,滨州市,滨州市,滨州市,滨州市,滨州市,滨州市,滨州市,滨州市,滨州市
E371700,菏泽市,菏泽市,菏泽市,菏泽市,菏泽市,菏泽市,菏泽市,菏泽市,菏泽市,菏泽市,菏泽市,菏泽市,菏泽市,菏泽市,菏泽市,菏泽市,菏泽市,菏泽市,菏泽市,菏泽市,菏泽市,菏泽市,菏泽市,菏泽市,菏泽市
E410100,郑州市,郑州市,郑州市,郑州市,郑州市,郑州市,郑州市,郑州市,郑州市,郑州市,郑州市,郑州市,郑州市,郑州市,郑州市,郑州市,郑州市,郑州市,郑州市,郑州市,郑州市,郑州市,郑州市,郑州市,郑州市
E410200,开封市,开封市,开封市,开封市,开封市,开封市,开封市,开封市,开封市,开封市,开封市,开封市,开封市,开封市,开封市,开封市,开封市,开封市,开封市,开封市,开封市,开封市,开封市,开封市,开封市
E410300,洛阳市,洛阳市,洛阳市,洛阳市,洛阳市,洛阳市,洛阳市,洛阳市,洛阳市,洛阳市,洛阳市,洛阳市,洛阳市,洛阳市,洛阳市,洛阳市,洛阳市,洛阳市,洛阳市,洛阳市,洛阳市,洛阳市,洛阳市,洛阳市,洛阳市
E410400,平顶山市,平顶山市,平顶山市,平顶山市,平顶山市,平顶山市,平顶山市,平顶山市,平顶山市,平顶山市,平顶山市,平顶山市,平顶山市,平顶山市,平顶山市,平顶山市,平顶山市,平顶山市,平顶山市,平顶山市,平顶山市,平顶山市,平顶山市,平顶山市,平顶山市
E410500,安阳市,安阳市,安阳市,安阳市,安阳市,安阳市,安阳市,安阳市,安阳市,安阳市,安阳市,安阳市,安阳市,安阳市,安阳市,安阳市,安阳市,安阳市,安阳市,安阳市,安阳市,安阳市,安阳市,安阳市,安阳市
E410600,鹤壁市,鹤壁市,鹤壁市,鹤壁市,鹤壁市,鹤壁市,鹤壁市,鹤壁市,鹤壁市,鹤壁市,鹤壁市,鹤壁市,鹤壁市,鹤壁市,鹤壁市,鹤壁市,鹤壁市,鹤壁市,鹤壁市,鹤壁市,鹤壁市,鹤壁市,鹤壁市,鹤壁市,鹤壁市
E410700,新乡市,新乡市,新乡市,新乡市,新乡市,新乡市,新乡市,新乡市,新乡市,新乡市,新乡市,新乡市,新乡市,新乡市,新乡市,新乡市,新乡市,新乡市,新乡市,新乡市,新乡市,新乡市,新乡市,新乡市,新乡市
E410800,焦作市,焦作市,焦作市,焦作市,焦作市,焦作市,焦作市,焦作市,焦作市,焦作市,焦作市,焦作市,焦作市,焦作市,焦作市,焦作市,焦作市,焦作市,焦作市,焦作市,焦作市,焦作市,焦作市,焦作市,焦作市
E410900,濮阳市,濮阳市,濮阳市,濮阳市,濮阳市,濮阳市,濮阳市,濮阳市,濮阳市,濮阳市,濮阳市,濮阳市,濮阳市,濮阳市,濮阳市,濮阳市,濮阳市,濮阳市,濮阳市,濮阳市,濮阳市,濮阳市,濮阳市,濮阳市,濮阳市
E411000,许昌市,许昌市,许昌市,许昌市,许昌市,许昌市,许昌市,许昌市,许昌市,许昌市,许昌市,许昌市,许昌市,许昌市,许昌市,许昌市,许昌市,许昌市,许昌市,许昌市,许昌市,许昌市,许昌市,许昌市,许昌市
E411100,漯河市,漯河市,漯河市,漯河市,漯河市,漯河市,漯河市,漯河市,漯河市,漯河市,漯河市,漯河市,漯河市,漯河市,漯河市,漯河市,漯河市,漯河市,漯河市,漯河市,漯河市,漯河市,漯河市,漯河市,漯河市
E411200,三门峡市,三门峡市,三门峡市,三门峡市,三门峡市,三门峡市,三门峡市,三门峡市,三门峡市,三门峡市,三门峡市,三门峡市,三门峡市,三门峡市,三门峡市,三门峡市,三门峡市,三门峡市,三门峡市,三门峡市,三门峡市,三门峡市,三门峡市,三门峡市,三门峡市
E411300,南阳市,南阳市,南阳市,南阳市,南阳市,南阳市,南阳市,南阳市,南阳市,南阳市,南阳市,南阳市,南阳市,南阳市,南阳市,南阳市,南阳市,南阳市,南阳市,南阳市,南阳市,南阳市,南阳市,南阳市,南阳市
E411400,商丘市,商丘市,商丘市,商丘市,商丘市,商丘市,商丘市,商丘市,商丘市,商丘市,商丘市,商丘市,商丘市,商丘市,商丘市,商丘市,商丘市,商丘市,商丘市,商丘市,商丘市,商丘市,商丘市,商丘市,商丘市
E411500,信阳市,信阳市,信阳市,信阳市,信阳市,信阳市,信阳市,信阳市,信阳市,信阳市,信阳市,信阳市,信阳市,信阳市,信阳市,信阳市,信阳市,信阳市,信阳市,信阳市,信阳市,信阳市,信阳市,信阳市,信阳市
E411600,周口市,周口市,周口市,周口市,周口市,周口市,周口市,周口市,周口市,周口市,周口市,周口市,周口市,周口市,周口市,周口市,周口市,周口市,周口市,周口市,周口市,周口市,周口市,周口市,周口市
E411700,驻马店市,驻马店市,驻马店市,驻马店市,驻马店市,驻马店市,驻马店市,驻马店市,驻马店市,驻马店市,驻马店市,驻马店市,驻马店市,驻马店市,驻马店市,驻马店市,驻马店市,驻马店市,驻马店市,驻马店市,驻马店市,驻马店市,驻马店市,驻马店市,驻马店市
E420100,武汉市,武汉市,武汉市,武汉市,武汉市,武汉市,武汉市,武汉市,武汉市,武汉市,武汉市,武汉市,武汉市,武汉市,武汉市,武汉市,武汉市,武汉市,武汉市,武汉市,武汉市,武汉市,武汉市,武汉市,武汉市
E420200,黄石市,黄石市,黄石市,黄石市,黄石市,黄石市,黄石市,黄石市,黄石市,黄石市,黄石市,黄石市,黄石市,黄石市,黄石市,黄石市,黄石市,黄石市,黄石市,黄石市,黄石市,黄石市,黄石市,黄石市,黄石市
E420300,十堰市,十堰市,十堰市,十堰市,十堰市,十堰市,十堰市,十堰市,十堰市,十堰市,十堰市,十堰市,十堰市,十堰市,十堰市,十堰市,十堰市,十堰市,十堰市,十堰市,十堰市,十堰市,十堰市,十堰市,十堰市
E420500,宜昌市,宜昌市,宜昌市,宜昌市,宜昌市,宜昌市,宜昌市,宜昌市,宜昌市,宜昌市,宜昌市,宜昌市,宜昌市,宜昌市,宜昌市,宜昌市,宜昌市,宜昌市,宜昌市,宜昌市,宜昌市,宜昌市,宜昌市,宜昌市,宜昌市
E420600,襄樊市,襄樊市,襄樊市,襄樊市,襄樊市,襄樊市,襄樊市,襄樊市,襄樊市,襄樊市,襄阳市,襄阳市,襄阳市,襄阳市,襄阳市,襄阳市,襄阳市,襄阳市,襄阳市,襄阳市,襄阳市,襄阳市,襄阳市,襄阳市,襄阳市
E420700,鄂州市,鄂州市,鄂州市,鄂州市,鄂州市,鄂州市,鄂州市,鄂州市,鄂州市,鄂州市,鄂州市,鄂州市,鄂州市,鄂州市,鄂州市,鄂州市,鄂州市,鄂州市,鄂州市,鄂州市,鄂州市,鄂州市,鄂州市,鄂州市,鄂州市
E420800,荆门市,荆门市,荆门市,荆门市,荆门市,荆门市,荆门市,荆门市,荆门市,荆门市,荆门市,荆门市,荆门市,荆门市,荆门市,荆门市,荆门市,荆门市,荆门市,荆门市,荆门市,荆门市,荆门市,荆门市,荆门市
E420900,孝感市,孝感市,孝感市,孝感市,孝感市,孝感市,孝感市,孝感市,孝感市,孝感市,孝感市,孝感市,孝感市,孝感市,孝感市,孝感市,孝感市,孝感市,孝感市,孝感市,孝感市,孝感市,孝感市,孝感市,孝感市
E421000,荆州市,荆州市,荆州市,荆州市,荆州市,荆州市,荆州市,荆州市,荆州市,荆州市,荆州市,荆州市,荆州市,荆州市,荆州市,荆州市,荆州市,荆州市,荆州市,荆州市,荆州市,荆州市,荆州市,荆州市,荆州市
E421100,黄冈市,黄冈市,黄冈市,黄冈市,黄冈市,黄冈市,黄冈市,黄冈市,黄冈市,黄冈市,黄冈市,黄冈市,黄冈市,黄冈市,黄冈市,黄冈市,黄冈市,黄冈市,黄冈市,黄冈市,黄冈市,黄冈市,黄冈市,黄冈市,黄冈市
E421200,咸宁市,咸宁市,咸宁市,咸宁市,咸宁市,咸宁市,咸宁市,咸宁市,咸宁市,咸宁市,咸宁市,咸宁市,咸宁市,咸宁市,咸宁市,咸宁市,咸宁市,咸宁市,咸宁市,咸宁市,咸宁市,咸宁市,咸宁市,咸宁市,咸宁市
E421300,随州市,随州市,随州市,随州市,随州市,随州市,随州市,随州市,随州市,随州市,随州市,随州市,随州市,随州市,随州市,随州市,随州市,随州市,随州市,随州市,随州市,随州市,随州市,随州市,随州市
E422800,恩施土家族苗族自治州,恩施土家族苗族自治州,恩施土家族苗族自治州,恩施土家族苗族自治州,恩施土家族苗族自治州,恩施土家族苗族自治州,恩施土家族苗族自治州,恩施土家族苗族自治州,恩施土家族苗族自治州,恩施土家族苗族自治州,恩施土家族苗族自治州,恩施土家族苗族自治州,恩施土家族苗族自治州,恩施土家族苗族自治州,恩施土家族苗族自治州,恩施土家族苗族自治州,恩施土家族苗族自治州,恩施土家族苗族自治州,恩施土家族苗族自治州,恩施土家族苗族自治州,恩施土家族苗族自治州,恩施土家族苗族自治州,恩施土家族苗族自治州,恩施土家族苗族自治州,恩施土家族苗族自治州
E430100,长沙市,长沙市,长沙市,长沙市,长沙市,长沙市,长沙市,长沙市,长沙市,长沙市,长沙市,长沙市,长沙市,长沙市,长沙市,长沙市,长沙市,长沙市,长沙市,长沙市,长沙市,长沙市,长沙市,长沙市,长沙市
E430200,株洲市,株洲市,株洲市,株洲市,株洲市,株洲市,株洲市,株洲市,株洲市,株洲市,株洲市,株洲市,株洲市,株洲市,株洲市,株洲市,株洲市,株洲市,株洲市,株洲市,株洲市,株洲市,株洲市,株洲市,株洲市
E430300,湘潭市,湘潭市,湘潭市,湘潭市,湘潭市,湘潭市,湘潭市,湘潭市,湘潭市,湘潭市,湘潭市,湘潭市,湘潭市,湘潭市,湘潭市,湘潭市,湘潭市,湘潭市,湘潭市,湘潭市,湘潭市,湘潭市,湘潭市,湘潭市,湘潭市
E430400,衡阳市,衡阳市,衡阳市,衡阳市,衡阳市,衡阳市,衡阳市,衡阳市,衡阳市,衡阳市,衡阳市,衡阳市,衡阳市,衡阳市,衡阳市,衡阳市,衡阳市,衡阳市,衡阳市,衡阳市,衡阳市,衡阳市,衡阳市,衡阳市,衡阳市
E430500,邵阳市,邵阳市,邵阳市,邵阳市,邵阳市,邵阳市,邵阳市,邵阳市,邵阳市,邵阳市,邵阳市,邵阳市,邵阳市,邵阳市,邵阳市,邵阳市,邵阳市,邵阳市,邵阳市,邵阳市,邵阳市,邵阳市,邵阳市,邵阳市,邵阳市
E430600,岳阳市,岳阳市,岳阳市,岳阳市,岳阳市,岳阳市,岳阳市,岳阳市,岳阳市,岳阳市,岳阳市,岳阳市,岳阳市,岳阳市,岳阳市,岳阳市,岳阳市,岳阳市,岳阳市,岳阳市,岳阳市,岳阳市,岳阳市,岳阳市,岳阳市
E430700,常德市,常德市,常德市,常德市,常德市,常德市,常德市,常德市,常德市,常德市,常德市,常德市,常德市,常德市,常德市,常德市,常德市,常德市,常德市,常德市,常德市,常德市,常德市,常德市,常德市
E430800,张家界市,张家界市,张家界市,张家界市,张家界市,张家界市,张家界市,张家界市,张家界市,张家界市,张家界市,张家界市,张家界市,张家界市,张家界市,张家界市,张家界市,张家界市,张家界市,张家界市,张家界市,张家界市,张家界市,张家界市,张家界市
E430900,益阳市,益阳市,益阳市,益阳市,益阳市,益阳市,益阳市,益阳市,益阳市,益阳市,益阳市,益阳市,益阳市,益阳市,益阳市,益阳市,益阳市,益阳市,益阳市,益阳市,益阳市,益阳市,益阳市,益阳市,益阳市
E431000,郴州市,郴州市,郴州市,郴州市,郴州市,郴州市,郴州市,郴州市,郴州市,郴州市,郴州市,郴州市,郴州市,郴州市,郴州市,郴州市,郴州市,郴州市,郴州市,郴州市,郴州市,郴州市,郴州市,郴州市,郴州市
E431100,永州市,永州市,永州市,永州市,永州市,永州市,永州市,永州市,永州市,永州市,永州市,永州市,永州市,永州市,永州市,永州市,永州市,永州市,永州市,永州市,永州市,永州市,永州市,永州市,永州市
E431200,怀化市,怀化市,怀化市,怀化市,怀化市,怀化市,怀化市,怀化市,怀化市,怀化市,怀化市,怀化市,怀化市,怀化市,怀化市,怀化市,怀化市,怀化市,怀化市,怀化市,怀化市,怀化市,怀化市,怀化市,怀化市
E431300,娄底市,娄底市,娄底市,娄底市,娄底市,娄底市,娄底市,娄底市,娄底市,娄底市,娄底市,娄底市,娄底市,娄底市,娄底市,娄底市,娄底市,娄底市,娄底市,娄底市,娄底市,娄底市,娄底市,娄底市,娄底市
E433100,湘西土家族苗族自治州,湘西土家族苗族自治州,湘西土家族苗族自治州,湘西土家族苗族自治州,湘西土家族苗族自治州,湘西土家族苗族自治州,湘西土家族苗族自治州,湘西土家族苗族自治州,湘西土家族苗族自治州,湘西土家族苗族自治州,湘西土家族苗族自治州,湘西土家族苗族自治州,湘西土家族苗族自治州,湘西土家族苗族自治州,湘西土家族苗族自治州,湘西土家族苗族自治州,湘西土家族苗族自治州,湘西土家族苗族自治州,湘西土家族苗族自治州,湘西土家族苗族自治州,湘西土家族苗族自治州,湘西土家族苗族自治州,湘西土家族苗族自治州,湘西土家族苗族自治州,湘西土家族苗族自治州
E440100,广州市,广州市,广州市,广州市,广州市,广州市,广州市,广州市,广州市,广州市,广州市,广州市,广州市,广州市,广州市,广州市,广州市,广州市,广州市,广州市,广州市,广州市,广州市,广州市,广州市
E440200,韶关市,韶关市,韶关市,韶关市,韶关市,韶关市,韶关市,韶关市,韶关市,韶关市,韶关市,韶关市,韶关市,韶关市,韶关市,韶关市,韶关市,韶关市,韶关市,韶关市,韶关市,韶关市,韶关市,韶关市,韶关市
E440300,深圳市,深圳市,深圳市,深圳市,深圳市,深圳市,深圳市,深圳市,深圳市,深圳市,深圳市,深圳市,深圳市,深圳市,深圳市,深圳市,深圳市,深圳市,深圳市,深圳市,深圳市,深圳市,深圳市,深圳市,深圳市
E440400,珠海市,珠海市,珠海市,珠海市,珠海市,珠海市,珠海市,珠海市,珠海市,珠海市,珠海市,珠海市,珠海市,珠海市,珠海市,珠海市,珠海市,珠海市,珠海市,珠海市,珠海市,珠海市,珠海市,珠海市,珠海市
E440500,汕头市,汕头市,汕头市,汕头市,汕头市,汕头市,汕头市,汕头市,汕头市,汕头市,汕头市,汕头市,汕头市,汕头市,汕头市,汕头市,汕头市,汕头市,汕头市,汕头市,汕头市,汕头市,汕头市,汕头市,汕头市
E440600,佛山市,佛山市,佛山市,佛山市,佛山市,佛山市,佛山市,佛山市,佛山市,佛山市,佛山市,佛山市,佛山市,佛山市,佛山市,佛山市,佛山市,佛山市,佛山市,佛山市,佛山市,佛山市,佛山市,佛山市,佛山市
E440700,江门市,江门市,江门市,江门市,江门市,江门市,江门市,江门市,江门市,江门市,江门市,江门市,江门市,江门市,江门市,江门市,江门市,江门市,江门市,江门市,江门市,江门市,江门市,江门市,江门市
E440800,湛江市,湛江市,湛江市,湛江市,湛江市,湛江市,湛江市,湛江市,湛江市,湛江市,湛江市,湛江市,湛江市,湛江市,湛江市,湛江市,湛江市,湛江市,湛江市,湛江市,湛江市,湛江市,湛江市,湛江市,湛江市
E440900,茂名市,茂名市,茂名市,茂名市,茂名市,茂名市,茂名市,茂名市,茂名市,茂名市,茂名市,茂名市,茂名市,茂名市,茂名市,茂名市,茂名市,茂名市,茂名市,茂名市,茂名市,茂名市,茂名市,茂名市,茂名市
E441200,肇庆市,肇庆市,肇庆市,肇庆市,肇庆市,肇庆市,肇庆市,肇庆市,肇庆市,肇庆市,肇庆市,肇庆市,肇庆市,肇庆市,肇庆市,肇庆市,肇庆市,肇庆市,肇庆市,肇庆市,肇庆市,肇庆市,肇庆市,肇庆市,肇庆市
E441300,惠州市,惠州市,惠州市,惠州市,惠州市,惠州市,惠州市,惠州市,惠州市,惠州市,惠州市,惠州市,惠州市,惠州市,惠州市,惠州市,惠州市,惠州市,惠州市,惠州市,惠州市,惠州市,惠州市,惠州市,惠州市
E441400,梅州市,梅州市,梅州市,梅州市,梅州市,梅州市,梅州市,梅州市,梅州市,梅州市,梅州市,梅州市,梅州市,梅州市,梅州市,梅州市,梅州市,梅州市,梅州市,梅州市,梅州市,梅州市,梅州市,梅州市,梅州市
E441500,汕尾市,汕尾市,汕尾市,汕尾市,汕尾市,汕尾市,汕尾市,汕尾市,汕尾市,汕尾市,汕尾市,汕尾市,汕尾市,汕尾市,汕尾市,汕尾市,汕尾市,汕尾市,汕尾市,汕尾市,汕尾市,汕尾市,汕尾市,汕尾市,汕尾市
E441600,河源市,河源市,河源市,河源市,河源市,河源市,河源市,河源市,河源市,河源市,河源市,河源市,河源市,河源市,河源市,河源市,河源市,河源市,河源市,河源市,河源市,河源市,河源市,河源市,河源市
E441700,阳江市,阳江市,阳江市,阳江市,阳江市,阳江市,阳江市,阳江市,阳江市,阳江市,阳江市,阳江市,阳江市,阳江市,阳江市,阳江市,阳江市,阳江市,阳江市,阳江市,阳江市,阳江市,阳江市,阳江市,阳江市
E441800,清远市,清远市,清远市,清远市,清远市,清远市,清远市,清远市,清远市,清远市,清远市,清远市,清远市,清远市,清远市,清远市,清远市,清远市,清远市,清远市,清远市,清远市,清远市,清远市,清远市
E441900,东莞市,东莞市,东莞市,东莞市,东莞市,东莞市,东莞市,东莞市,东莞市,东莞市,东莞市,东莞市,东莞市,东莞市,东莞市,东莞市,东莞市,东莞市,东莞市,东莞市,东莞市,东莞市,东莞市,东莞市,东莞市
E442000,中山市,中山市,中山市,中山市,中山市,中山市,中山市,中山市,中山市,中山市,中山市,中山市,中山市,中山市,中山市,中山市,中山市,中山市,中山市,中山市,中山市,中山市,中山市,中山市,中山市
E445100,潮州市,潮州市,潮州市,潮州市,潮州市,潮州市,潮州市,潮州市,潮州市,潮州市,潮州市,潮州市,潮州市,潮州市,潮州市,潮州市,潮州市,潮州市,潮州市,潮州市,潮州市,潮州市,潮州市,潮州市,潮州市
E445200,揭阳市,揭阳市,揭阳市,揭阳市,揭阳市,揭阳市,揭阳市,揭阳市,揭阳市,揭阳市,揭阳市,揭阳市,揭阳市,揭阳市,揭阳市,揭阳市,揭阳市,揭阳市,揭阳市,揭阳市,揭阳市,揭阳市,揭阳市,揭阳市,揭阳市
E445300,云浮市,云浮市,云浮市,云浮市,云浮市,云浮市,云浮市,云浮市,云浮市,云浮市,云浮市,云浮市,云浮市,云浮市,云浮市,云浮市,云浮市,云浮市,云浮市,云浮市,云浮市,云浮市,云浮市,云浮市,云浮市
E450100,南宁市,南宁市,南宁市,南宁市,南宁市,南宁市,南宁市,南宁市,南宁市,南宁市,南宁市,南宁市,南宁市,南宁市,南宁市,南宁市,南宁市,南宁市,南宁市,南宁市,南宁市,南宁市,南宁市,南宁市,南宁市
E450200,柳州市,柳州市,柳州市,柳州市,柳州市,柳州市,柳州市,柳州市,柳州市,柳州市,柳州市,柳州市,柳州市,柳州市,柳州市,柳州市,柳州市,柳州市,柳州市,柳州市,柳州市,柳州市,柳州市,柳州市,柳州市
E450300,桂林市,桂林市,桂林市,桂林市,桂林市,桂林市,桂林市,桂林市,桂林市,桂林市,桂林市,桂林市,桂林市,桂林市,桂林市,桂林市,桂林市,桂林市,桂林市,桂林市,桂林市,桂林市,桂林市,桂林市,桂林市
E450400,梧州市,梧州市,梧州市,梧州市,梧州市,梧州市,梧州市,梧州市,梧州市,梧州市,梧州市,梧州市,梧州市,梧州市,梧州市,梧州市,梧州市,梧州市,梧州市,梧州市,梧州市,梧州市,梧州市,梧州市,梧州市
E450500,北海市,北海市,北海市,北海市,北海市,北海市,北海市,北海市,北海市,北海市,北海市,北海市,北海市,北海市,北海市,北海市,北海市,北海市,北海市,北海市,北海市,北海市,北海市,北海市,北海市
E450600,防城港市,防城港市,防城港市,防城港市,防城港市,防城港市,防城港市,防城港市,防城港市,防城港市,防城港市,防城港市,防城港市,防城港市,防城港市,防城港市,防城港市,防城港市,防城港市,防城港市,防城港市,防城港市,防城港市,防城港市,防城港市
E450700,钦州市,钦州市,钦州市,钦州市,钦州市,钦州市,钦州市,钦州市,钦州市,钦州市,钦州市,钦州市,钦州市,钦州市,钦州市,钦州市,钦州市,钦州市,钦州市,钦州市,钦州市,钦州市,钦州市,钦州市,钦州市
E450800,贵港市,贵港市,贵港市,贵港市,贵港市,贵港市,贵港市,贵港市,贵港市,贵港市,贵港市,贵港市,贵港市,贵港市,贵港市,贵港市,贵港市,贵港市,贵港市,贵港市,贵港市,贵港市,贵港市,贵港市,贵港市
E450900,玉林市,玉林市,玉林市,玉林市,玉林市,玉林市,玉林市,玉林市,玉林市,玉林市,玉林市,玉林市,玉林市,玉林市,玉林市,玉林市,玉林市,玉林市,玉林市,玉林市,玉林市,玉林市,玉林市,玉林市,玉林市
E451000,百色地区,百色地区,百色市,百色市,百色市,百色市,百色市,百色市,百色市,百色市,百色市,百色市,百色市,百色市,百色市,百色市,百色市,百色市,百色市,百色市,百色市,百色市,百色市,百色市,百色市
E451100,贺州地区,贺州地区,贺州市,贺州市,贺州市,贺州市,贺州市,贺州市,贺州市,贺州市,贺州市,贺州市,贺州市,贺州市,贺州市,贺州市,贺州市,贺州市,贺州市,贺州市,贺州市,贺州市,贺州市,贺州市,贺州市
E451200,河池地区,河池地区,河池市,河池市,河池市,河池市,河池市,河池市,河池市,河池市,河池市,河池市,河池市,河池市,河池市,河池市,河池市,河池市,河池市,河池市,河池市,河池市,河池市,河池市,河池市
E451300,柳州地区,柳州地区,来宾市,来宾市,来宾市,来宾市,来宾市,来宾市,来宾市,来宾市,来宾市,来宾市,来宾市,来宾市,来宾市,来宾市,来宾市,来宾市,来宾市,来宾市,来宾市,来宾市,来宾市,来宾市,来宾市
E451400,南宁地区,南宁地区,崇左市,崇左市,崇左市,崇左市,崇左市,崇左市,崇左市,崇左市,崇左市,崇左市,崇左市,崇左市,崇左市,崇左市,崇左市,崇左市,崇左市,崇左市,崇左市,崇左市,崇左市,崇左市,崇左市
E460100,海口市,海口市,海口市,海口市,海口市,海口市,海口市,海口市,海口市,海口市,海口市,海口市,海口市,海口市,海口市,海口市,海口市,海口市,海口市,海口市,海口市,海口市,海口市,海口市,海口市
E460200,三亚市,三亚市,三亚市,三亚市,三亚市,三亚市,三亚市,三亚市,三亚市,三亚市,三亚市,三亚市,三亚市,三亚市,三亚市,三亚市,三亚市,三亚市,三亚市,三亚市,三亚市,三亚市,三亚市,三亚市,三亚市
E460300,三沙市,三沙市,三沙市,三沙市,三沙市,三沙市,三沙市,三沙市,三沙市,三沙市,三沙市,三沙市,三沙市,三沙市,三沙市,三沙市,三沙市,三沙市,三沙市,三沙市,三沙市,三沙市,三沙市,三沙市,三沙市
E460400,儋州市,儋州市,儋州市,儋州市,儋州市,儋州市,儋州市,儋州市,儋州市,儋州市,儋州市,儋州市,儋州市,儋州市,儋州市,儋州市,儋州市,儋州市,儋州市,儋州市,儋州市,儋州市,儋州市,儋州市,儋州市
E500100,重庆市,重庆市,重庆市,重庆市,重庆市,重庆市,重庆市,重庆市,重庆市,重庆市,重庆市,重庆市,重庆市,重庆市,重庆市,重庆市,重庆市,重庆市,重庆市,重庆市,重庆市,重庆市,重庆市,重庆市,重庆市
E510100,成都市,成都市,成都市,成都市,成都市,成都市,成都市,成都市,成都市,成都市,成都市,成都市,成都市,成都市,成都市,成都市,成都市,成都市,成都市,成都市,成都市,成都市,成都市,成都市,成都市
E510300,自贡市,自贡市,自贡市,自贡市,自贡市,自贡市,自贡市,自贡市,自贡市,自贡市,自贡市,自贡市,自贡市,自贡市,自贡市,自贡市,自贡市,自贡市,自贡市,自贡市,自贡市,自贡市,自贡市,自贡市,自贡市
E510400,攀枝花市,攀枝花市,攀枝花市,攀枝花市,攀枝花市,攀枝花市,攀枝花市,攀枝花市,攀枝花市,攀枝花市,攀枝花市,攀枝花市,攀枝花市,攀枝花市,攀枝花市,攀枝花市,攀枝花市,攀枝花市,攀枝花市,攀枝花市,攀枝花市,攀枝花市,攀枝花市,攀枝花市,攀枝花市
E510500,泸州市,泸州市,泸州市,泸州市,泸州市,泸州市,泸州市,泸州市,泸州市,泸州市,泸州市,泸州市,泸州市,泸州市,泸州市,泸州市,泸州市,泸州市,泸州市,泸州市,泸州市,泸州市,泸州市,泸州市,泸州市
E510600,德阳市,德阳市,德阳市,德阳市,德阳市,德阳市,德阳市,德阳市,德阳市,德阳市,德阳市,德阳市,德阳市,德阳市,德阳市,德阳市,德阳市,德阳市,德阳市,德阳市,德阳市,德阳市,德阳市,德阳市,德阳市
E510700,绵阳市,绵阳市,绵阳市,绵阳市,绵阳市,绵阳市,绵阳市,绵阳市,绵阳市,绵阳市,绵阳市,绵阳市,绵阳市,绵阳市,绵阳市,绵阳市,绵阳市,绵阳市,绵阳市,绵阳市,绵阳市,绵阳市,绵阳市,绵阳市,绵阳市
E510800,广元市,广元市,广元市,广元市,广元市,广元市,广元市,广元市,广元市,广元市,广元市,广元市,广元市,广元市,广元市,广元市,广元市,广元市,广元市,广元市,广元市,广元市,广元市,广元市,广元市
E510900,遂宁市,遂宁市,遂宁市,遂宁市,遂宁市,遂宁市,遂宁市,遂宁市,遂宁市,遂宁市,遂宁市,遂宁市,遂宁市,遂宁市,遂宁市,遂宁市,遂宁市,遂宁市,遂宁市,遂宁市,遂宁市,遂宁市,遂宁市,遂宁市,遂宁市
E511000,内江市,内江市,内江市,内江市,内江市,内江市,内江市,内江市,内江市,内江市,内江市,内江市,内江市,内江市,内江市,内江市,内江市,内江市,内江市,内江市,内江市,内江市,内江市,内江市,内江市
E511100,乐山市,乐山市,乐山市,乐山市,乐山市,乐山市,乐山市,乐山市,乐山市,乐山市,乐山市,乐山市,乐山市,乐山市,乐山市,乐山市,乐山市,乐山市,乐山市,乐山市,乐山市,乐山市,乐山市,乐山市,乐山市
E511300,南充市,南充市,南充市,南充市,南充市,南充市,南充市,南充市,南充市,南充市,南充市,南充市,南充市,南充市,南充市,南充市,南充市,南充市,南充市,南充市,南充市,南充市,南充市,南充市,南充市
E511400,眉山市,眉山市,眉山市,眉山市,眉山市,眉山市,眉山市,眉山市,眉山市,眉山市,眉山市,眉山市,眉山市,眉山市,眉山市,眉山市,眉山市,眉山市,眉山市,眉山市,眉山市,眉山市,眉山市,眉山市,眉山市
E511500,宜宾市,宜宾市,宜宾市,宜宾市,宜宾市,宜宾市,宜宾市,宜宾市,宜宾市,宜宾市,宜宾市,宜宾市,宜宾市,宜宾市,宜宾市,宜宾市,宜宾市,宜宾市,宜宾市,宜宾市,宜宾市,宜宾市,宜宾市,宜宾市,宜宾市
E511600,广安市,广安市,广安市,广安市,广安市,广安市,广安市,广安市,广安市,广安市,广安市,广安市,广安市,广安市,广安市,广安市,广安市,广安市,广安市,广安市,广安市,广安市,广安市,广安市,广安市
E511700,达州市,达州市,达州市,达州市,达州市,达州市,达州市,达州市,达州市,达州市,达州市,达州市,达州市,达州市,达州市,达州市,达州市,达州市,达州市,达州市,达州市,达州市,达州市,达州市,达州市
E511800,雅安市,雅安市,雅安市,雅安市,雅安市,雅安市,雅安市,雅安市,雅安市,雅安市,雅安市,雅安市,雅安市,雅安市,雅安市,雅安市,雅安市,雅安市,雅安市,雅安市,雅安市,雅安市,雅安市,雅安市,雅安市
E511900,巴中市,巴中市,巴中市,巴中市,巴中市,巴中市,巴中市,巴中市,巴中市,巴中市,巴中市,巴中市,巴中市,巴中市,巴中市,巴中市,巴中市,巴中市,巴中市,巴中市,巴中市,巴中市,巴中市,巴中市,巴中市
E512000,资阳市,资阳市,资阳市,资阳市,资阳市,资阳市,资阳市,资阳市,资阳市,资阳市,资阳市,资阳市,资阳市,资阳市,资阳市,资阳市,资阳市,资阳市,资阳市,资阳市,资阳市,资阳市,资阳市,资阳市,资阳市
E513200,阿坝藏族羌族自治州,阿坝藏族羌族自治州,阿坝藏族羌族自治州,阿坝藏族羌族自治州,阿坝藏族羌族自治州,阿坝藏族羌族自治州,阿坝藏族羌族自治州,阿坝藏族羌族自治州,阿坝藏族羌族自治州,阿坝藏族羌族自治州,阿坝藏族羌族自治州,阿坝藏族羌族自治州,阿坝藏族羌族自治州,阿坝藏族羌族自治州,阿坝藏族羌族自治州,阿坝藏族羌族自治州,阿坝藏族羌族自治州,阿坝藏族羌族自治州,阿坝藏族羌族自治州,阿坝藏族羌族自治州,阿坝藏族羌族自治州,阿坝藏族羌族自治州,阿坝藏族羌族自治州,阿坝藏族羌族自治州,阿坝藏族羌族自治州
E513300,甘孜藏族自治州,甘孜藏族自治州,甘孜藏族自治州,甘孜藏族自治州,甘孜藏族自治州,甘孜藏族自治州,甘孜藏族自治州,甘孜藏族自治州,甘孜藏族自治州,甘孜藏族自治州,甘孜藏族自治州,甘孜藏族自治州,甘孜藏族自治州,甘孜藏族自治州,甘孜藏族自治州,甘孜藏族自治州,甘孜藏族自治州,甘孜藏族自治州,甘孜藏族自治州,甘孜藏族自治州,甘孜藏族自治州,甘孜藏族自治州,甘孜藏族自治州,甘孜藏族自治州,甘孜藏族自治州
E513400,凉山彝族自治州,凉山彝族自治州,凉山彝族自治州,凉山彝族自治州,凉山彝族自治州,凉山彝族自治州,凉山彝族自治州,凉山彝族自治州,凉山彝族自治州,凉山彝族自治州,凉山彝族自治州,凉山彝族自治州,凉山彝族自治州,凉山彝族自治州,凉山彝族自治州,凉山彝族自治州,凉山彝族自治州,凉山彝族自治州,凉山彝族自治州,凉山彝族自治州,凉山彝族自治州,凉山彝族自治州,凉山彝族自治州,凉山彝族自治州,凉山彝族自治州
E520100,贵阳市,贵阳市,贵阳市,贵阳市,贵阳市,贵阳市,贵阳市,贵阳市,贵阳市,贵阳市,贵阳市,贵阳市,贵阳市,贵阳市,贵阳市,贵阳市,贵阳市,贵阳市,贵阳市,贵阳市,贵阳市,贵阳市,贵阳市,贵阳市,贵阳市
E520200,六盘水市,六盘水市,六盘水市,六盘水市,六盘水市,六盘水市,六盘水市,六盘水市,六盘水市,六盘水市,六盘水市,六盘水市,六盘水市,六盘水市,六盘水市,六盘水市,六盘水市,六盘水市,六盘水市,六盘水市,六盘水市,六盘水市,六盘水市,六盘水市,六盘水市
E520300,遵义市,遵义市,遵义市,遵义市,遵义市,遵义市,遵义市,遵义市,遵义市,遵义市,遵义市,遵义市,遵义市,遵义市,遵义市,遵义市,遵义市,遵义市,遵义市,遵义市,遵义市,遵义市,遵义市,遵义市,遵义市
E520400,安顺市,安顺市,安顺市,安顺市,安顺市,安顺市,安顺市,安顺市,安顺市,安顺市,安顺市,安顺市,安顺市,安顺市,安顺市,安顺市,安顺市,安顺市,安顺市,安顺市,安顺市,安顺市,安顺市,安顺市,安顺市
E520500,毕节地区,毕节地区,毕节地区,毕节地区,毕节地区,毕节地区,毕节地区,毕节地区,毕节地区,毕节地区,毕节地区,毕节市,毕节市,毕节市,毕节市,毕节市,毕节市,毕节市,毕节市,毕节市,毕节市,毕节市,毕节市,毕节市,毕节市
E520600,铜仁地区,铜仁地区,铜仁地区,铜仁地区,铜仁地区,铜仁地区,铜仁地区,铜仁地区,铜仁地区,铜仁地区,铜仁地区,铜仁市,铜仁市,铜仁市,铜仁市,铜仁市,铜仁市,铜仁市,铜仁市,铜仁市,铜仁市,铜仁市,铜仁市,铜仁市,铜仁市
E522300,黔西南布依族苗族自治州,黔西南布依族苗族自治州,黔西南布依族苗族自治州,黔西南布依族苗族自治州,黔西南布依族苗族自治州,黔西南布依族苗族自治州,黔西南布依族苗族自治州,黔西南布依族苗族自治州,黔西南布依族苗族自治州,黔西南布依族苗族自治州,黔西南布依族苗族自治州,黔西南布依族苗族自治州,黔西南布依族苗族自治州,黔西南布依族苗族自治州,黔西南布依族苗族自治州,黔西南布依族苗族自治州,黔西南布依族苗族自治州,黔西南布依族苗族自治州,黔西南布依族苗族自治州,黔西南布依族苗族自治州,黔西南布依族苗族自治州,黔西南布依族苗族自治州,黔西南布依族苗族自治州,黔西南布依族苗族自治州,黔西南布依族苗族自治州
E522600,黔东南苗族侗族自治州,黔东南苗族侗族自治州,黔东南苗族侗族自治州,黔东南苗族侗族自治州,黔东南苗族侗族自治州,黔东南苗族侗族自治州,黔东南苗族侗族自治州,黔东南苗族侗族自治州,黔东南苗族侗族自治州,黔东南苗族侗族自治州,黔东南苗族侗族自治州,黔东南苗族侗族自治州,黔东南苗族侗族自治州,黔东南苗族侗族自治州,黔东南苗族侗族自治州,黔东南苗族侗族自治州,黔东南苗族侗族自治州,黔东南苗族侗族自治州,黔东南苗族侗族自治州,黔东南苗族侗族自治州,黔东南苗族侗族自治州,黔东南苗族侗族自治州,黔东南苗族侗族自治州,黔东南苗族侗族自治州,黔东南苗族侗族自治州
E522700,黔南布依族苗族自治州,黔南布依族苗族自治州,黔南布依族苗族自治州,黔南布依族苗族自治州,黔南布依族苗族自治州,黔南布依族苗族自治州,黔南布依族苗族自治州,黔南布依族苗族自治州,黔南布依族苗族自治州,黔南布依族苗族自治州,黔南布依族苗族自治州,黔南布依族苗族自治州,黔南布依族苗族自治州,黔南布依族苗族自治州,黔南布依族苗族自治州,黔南布依族苗族自治州,黔南布依族苗族自治州,黔南布依族苗族自治州,黔南布依族苗族自治州,黔南布依族苗族自治州,黔南布依族苗族自治州,黔南布依族苗族自治州,黔南布依族苗族自治州,黔南布依族苗族自治州,黔南布依族苗族自治州
E530100,昆明市,昆明市,昆明市,昆明市,昆明市,昆明市,昆明市,昆明市,昆明市,昆明市,昆明市,昆明市,昆明市,昆明市,昆明市,昆明市,昆明市,昆明市,昆明市,昆明市,昆明市,昆明市,昆明市,昆明市,昆明市
E530300,曲靖市,曲靖市,曲靖市,曲靖市,曲靖市,曲靖市,曲靖市,曲靖市,曲靖市,曲靖市,曲靖市,曲靖市,曲靖市,曲靖市,曲靖市,曲靖市,曲靖市,曲靖市,曲靖市,曲靖市,曲靖市,曲靖市,曲靖市,曲靖市,曲靖市
E530400,玉溪市,玉溪市,玉溪市,玉溪市,玉溪市,玉溪市,玉溪市,玉溪市,玉溪市,玉溪市,玉溪市,玉溪市,玉溪市,玉溪市,玉溪市,玉溪市,玉溪市,玉溪市,玉溪市,玉溪市,玉溪市,玉溪市,玉溪市,玉溪市,玉溪市
E530500,保山市,保山市,保山市,保山市,保山市,保山市,保山市,保山市,保山市,保山市,保山市,保山市,保山市,保山市,保山市,保山市,保山市,保山市,保山市,保山市,保山市,保山市,保山市,保山市,保山市
E530600,昭通地区,昭通市,昭通市,昭通市,昭通市,昭通市,昭通市,昭通市,昭通市,昭通市,昭通市,昭通市,昭通市,昭通市,昭通市,昭通市,昭通市,昭通市,昭通市,昭通市,昭通市,昭通市,昭通市,昭通市,昭通市
E530700,丽江地区,丽江地区,丽江市,丽江市,丽江市,丽江市,丽江市,丽江市,丽江市,丽江市,丽江市,丽江市,丽江市,丽江市,丽江市,丽江市,丽江市,丽江市,丽江市,丽江市,丽江市,丽江市,丽江市,丽江市,丽江市
E530800,思茅市,思茅市,思茅市,思茅市,思茅市,思茅市,思茅市,普洱市,普洱市,普洱市,普洱市,普洱市,普洱市,普洱市,普洱市,普洱市,普洱市,普洱市,普洱市,普洱市,普洱市,普洱市,普洱市,普洱市,普洱市
E530900,临沧地区,临沧地区,临沧市,临沧市,临沧市,临沧市,临沧市,临沧市,临沧市,临沧市,临沧市,临沧市,临沧市,临沧市,临沧市,临沧市,临沧市,临沧市,临沧市,临沧市,临沧市,临沧市,临沧市,临沧市,临沧市
E532300,楚雄彝族自治州,楚雄彝族自治州,楚雄彝族自治州,楚雄彝族自治州,楚雄彝族自治州,楚雄彝族自治州,楚雄彝族自治州,楚雄彝族自治州,楚雄彝族自治州,楚雄彝族自治州,楚雄彝族自治州,楚雄彝族自治州,楚雄彝族自治州,楚雄彝族自治州,楚雄彝族自治州,楚雄彝族自治州,楚雄彝族自治州,楚雄彝族自治州,楚雄彝族自治州,楚雄彝族自治州,楚雄彝族自治州,楚雄彝族自治州,楚雄彝族自治州,楚雄彝族自治州,楚雄彝族自治州
E532500,红河哈尼族彝族自治州,红河哈尼族彝族自治州,红河哈尼族彝族自治州,红河哈尼族彝族自治州,红河哈尼族彝族自治州,红河哈尼族彝族自治州,红河哈尼族彝族自治州,红河哈尼族彝族自治州,红河哈尼族彝族自治州,红河哈尼族彝族自治州,红河哈尼族彝族自治州,红河哈尼族彝族自治州,红河哈尼族彝族自治州,红河哈尼族彝族自治州,红河哈尼族彝族自治州,红河哈尼族彝族自治州,红河哈尼族彝族自治州,红河哈尼族彝族自治州,红河哈尼族彝族自治州,红河哈尼族彝族自治州,红河哈尼族彝族自治州,红河哈尼族彝族自治州,红河哈尼族彝族自治州,红河哈尼族彝族自治州,红河哈尼族彝族自治州
E532600,文山壮族苗族自治州,文山壮族苗族自治州,文山壮族苗族自治州,文山壮族苗族自治州,文山壮族苗族自治州,文山壮族苗族自治州,文山壮族苗族自治州,文山壮族苗族自治州,文山壮族苗族自治州,文山壮族苗族自治州,文山壮族苗族自治州,文山壮族苗族自治州,文山壮族苗族自治州,文山壮族苗族自治州,文山壮族苗族自治州,文山壮族苗族自治州,文山壮族苗族自治州,文山壮族苗族自治州,文山壮族苗族自治州,文山壮族苗族自治州,文山壮族苗族自治州,文山壮族苗族自治州,文山壮族苗族自治州,文山壮族苗族自治州,文山壮族苗族自治州
E532800,西双版纳傣族自治州,西双版纳傣族自治州,西双版纳傣族自治州,西双版纳傣族自治州,西双版纳傣族自治州,西双版纳傣族自治州,西双版纳傣族自治州,西双版纳傣族自治州,西双版纳傣族自治州,西双版纳傣族自治州,西双版纳傣族自治州,西双版纳傣族自治州,西双版纳傣族自治州,西双版纳傣族自治州,西双版纳傣族自治州,西双版纳傣族自治州,西双版纳傣族自治州,西双版纳傣族自治州,西双版纳傣族自治州,西双版纳傣族自治州,西双版纳傣族自治州,西双版纳傣族自治州,西双版纳傣族自治州,西双版纳傣族自治州,西双版纳傣族自治州
E532900,大理白族自治州,大理白族自治州,大理白族自治州,大理白族自治州,大理白族自治州,大理白族自治州,大理白族自治州,大理白族自治州,大理白族自治州,大理白族自治州,大理白族自治州,大理白族自治州,大理白族自治州,大理白族自治州,大理白族自治州,大理白族自治州,大理白族自治州,大理白族自治州,大理白族自治州,大理白族自治州,大理白族自治州,大理白族自治州,大理白族自治州,大理白族自治州,大理白族自治州
E533100,德宏傣族景颇族自治州,德宏傣族景颇族自治州,德宏傣族景颇族自治州,德宏傣族景颇族自治州,德宏傣族景颇族自治州,德宏傣族景颇族自治州,德宏傣族景颇族自治州,德宏傣族景颇族自治州,德宏傣族景颇族自治州,德宏傣族景颇族自治州,德宏傣族景颇族自治州,德宏傣族景颇族自治州,德宏傣族景颇族自治州,德宏傣族景颇族自治州,德宏傣族景颇族自治州,德宏傣族景颇族自治州,德宏傣族景颇族自治州,德宏傣族景颇族自治州,德宏傣族景颇族自治州,德宏傣族景颇族自治州,德宏傣族景颇族自治州,德宏傣族景颇族自治州,德宏傣族景颇族自治州,德宏傣族景颇族自治州,德宏傣族景颇族自治州
E533300,怒江傈僳族自治州,怒江傈僳族自治州,怒江傈僳族自治州,怒江傈僳族自治州,怒江傈僳族自治州,怒江傈僳族自治州,怒江傈僳族自治州,怒江傈僳族自治州,怒江傈僳族自治州,怒江傈僳族自治州,怒江傈僳族自治州,怒江傈僳族自治州,怒江傈僳族自治州,怒江傈僳族自治州,怒江傈僳族自治州,怒江傈僳族自治州,怒江傈僳族自治州,怒江傈僳族自治州,怒江傈僳族自治州,怒江傈僳族自治州,怒江傈僳族自治州,怒江傈僳族自治州,怒江傈僳族自治州,怒江傈僳族自治州,怒江傈僳族自治州
E533400,中甸县,香格里拉县,香格里拉县,香格里拉县,香格里拉县,香格里拉县,香格里拉县,香格里拉县,香格里拉县,香格里拉县,香格里拉县,香格里拉县,香格里拉县,香格里拉县,香格里拉县,香格里拉市,香格里拉市,香格里拉市,香格里拉市,香格里拉市,香格里拉市,香格里拉市,香格里拉市,香格里拉市,香格里拉市
E540100,拉萨市,拉萨市,拉萨市,拉萨市,拉萨市,拉萨市,拉萨市,拉萨市,拉萨市,拉萨市,拉萨市,拉萨市,拉萨市,拉萨市,拉萨市,拉萨市,拉萨市,拉萨市,拉萨市,拉萨市,拉萨市,拉萨市,拉萨市,拉萨市,拉萨市
E540200,日喀则地区,日喀则地区,日喀则地区,日喀则地区,日喀则地区,日喀则地区,日喀则地区,日喀则地区,日喀则地区,日喀则地区,日喀则地区,日喀则地区,日喀则地区,日喀则地区,日喀则市,日喀则市,日喀则市,日喀则市,日喀则市,日喀则市,日喀则市,日喀则市,日喀则市,日喀则市,日喀则市
E540300,昌都市,昌都市,昌都市,昌都市,昌都市,昌都市,昌都市,昌都市,昌都市,昌都市,昌都市,昌都市,昌都市,昌都市,昌都市,昌都市,昌都市,昌都市,昌都市,昌都市,昌都市,昌都市,昌都市,昌都市,昌都市
E540400,林芝地区,林芝地区,林芝地区,林芝地区,林芝地区,林芝地区,林芝地区,林芝地区,林芝地区,林芝地区,林芝地区,林芝地区,林芝地区,林芝地区,林芝地区,林芝市,林芝市,林芝市,林芝市,林芝市,林芝市,林芝市,林芝市,林芝市,林芝市
E540500,山南地区,山南地区,山南地区,山南地区,山南地区,山南地区,山南地区,山南地区,山南地区,山南地区,山南地区,山南地区,山南地区,山南地区,山南地区,山南地区,山南市,山南市,山南市,山南市,山南市,山南市,山南市,山南市,山南市
E540600,那曲地区,那曲地区,那曲地区,那曲地区,那曲地区,那曲地区,那曲地区,那曲地区,那曲地区,那曲地区,那曲地区,那曲地区,那曲地区,那曲地区,那曲地区,那曲地区,那曲地区,那曲市,那曲市,那曲市,那曲市,那曲市,那曲市,那曲市,那曲市
E542500,阿里地区,阿里地区,阿里地区,阿里地区,阿里地区,阿里地区,阿里地区,阿里地区,阿里地区,阿里地区,阿里地区,阿里地区,阿里地区,阿里地区,阿里地区,阿里地区,阿里地区,阿里地区,阿里地区,阿里地区,阿里地区,阿里地区,阿里地区,阿里地区,阿里地区
E610100,西安市,西安市,西安市,西安市,西安市,西安市,西安市,西安市,西安市,西安市,西安市,西安市,西安市,西安市,西安市,西安市,西安市,西安市,西安市,西安市,西安市,西安市,西安市,西安市,西安市
E610200,铜川市,铜川市,铜川市,铜川市,铜川市,铜川市,铜川市,铜川市,铜川市,铜川市,铜川市,铜川市,铜川市,铜川市,铜川市,铜川市,铜川市,铜川市,铜川市,铜川市,铜川市,铜川市,铜川市,铜川市,铜川市
E610300,宝鸡市,宝鸡市,宝鸡市,宝鸡市,宝鸡市,宝鸡市,宝鸡市,宝鸡市,宝鸡市,宝鸡市,宝鸡市,宝鸡市,宝鸡市,宝鸡市,宝鸡市,宝鸡市,宝鸡市,宝鸡市,宝鸡市,宝鸡市,宝鸡市,宝鸡市,宝鸡市,宝鸡市,宝鸡市
E610400,咸阳市,咸阳市,咸阳市,咸阳市,咸阳市,咸阳市,咸阳市,咸阳市,咸阳市,咸阳市,咸阳市,咸阳市,咸阳市,咸阳市,咸阳市,咸阳市,咸阳市,咸阳市,咸阳市,咸阳市,咸阳市,咸阳市,咸阳市,咸阳市,咸阳市
E610500,渭南市,渭南市,渭南市,渭南市,渭南市,渭南市,渭南市,渭南市,渭南市,渭南市,渭南市,渭南市,渭南市,渭南市,渭南市,渭南市,渭南市,渭南市,渭南市,渭南市,渭南市,渭南市,渭南市,渭南市,渭南市
E610600,延安市,延安市,延安市,延安市,延安市,延安市,延安市,延安市,延安市,延安市,延安市,延安市,延安市,延安市,延安市,延安市,延安市,延安市,延安市,延安市,延安市,延安市,延安市,延安市,延安市
E610700,汉中市,汉中市,汉中市,汉中市,汉中市,汉中市,汉中市,汉中市,汉中市,汉中市,汉中市,汉中市,汉中市,汉中市,汉中市,汉中市,汉中市,汉中市,汉中市,汉中市,汉中市,汉中市,汉中市,汉中市,汉中市
E610800,榆林市,榆林市,榆林市,榆林市,榆林市,榆林市,榆林市,榆林市,榆林市,榆林市,榆林市,榆林市,榆林市,榆林市,榆林市,榆林市,榆林市,榆林市,榆林市,榆林市,榆林市,榆林市,榆林市,榆林市,榆林市
E610900,安康市,安康市,安康市,安康市,安康市,安康市,安康市,安康市,安康市,安康市,安康市,安康市,安康市,安康市,安康市,安康市,安康市,安康市,安康市,安康市,安康市,安康市,安康市,安康市,安康市
E611000,商洛地区,商洛市,商洛市,商洛市,商洛市,商洛市,商洛市,商洛市,商洛市,商洛市,商洛市,商洛市,商洛市,商洛市,商洛市,商洛市,商洛市,商洛市,商洛市,商洛市,商洛市,商洛市,商洛市,商洛市,商洛市
E620100,兰州市,兰州市,兰州市,兰州市,兰州市,兰州市,兰州市,兰州市,兰州市,兰州市,兰州市,兰州市,兰州市,兰州市,兰州市,兰州市,兰州市,兰州市,兰州市,兰州市,兰州市,兰州市,兰州市,兰州市,兰州市
E620200,嘉峪关市,嘉峪关市,嘉峪关市,嘉峪关市,嘉峪关市,嘉峪关市,嘉峪关市,嘉峪关市,嘉峪关市,嘉峪关市,嘉峪关市,嘉峪关市,嘉峪关市,嘉峪关市,嘉峪关市,嘉峪关市,嘉峪关市,嘉峪关市,嘉峪关市,嘉峪关市,嘉峪关市,嘉峪关市,嘉峪关市,嘉峪关市,嘉峪关市
E620300,金昌市,金昌市,金昌市,金昌市,金昌市,金昌市,金昌市,金昌市,金昌市,金昌市,金昌市,金昌市,金昌市,金昌市,金昌市,金昌市,金昌市,金昌市,金昌市,金昌市,金昌市,金昌市,金昌市,金昌市,金昌市
E620400,白银市,白银市,白银市,白银市,白银市,白银市,白银市,白银市,白银市,白银市,白银市,白银市,白银市,白银市,白银市,白银市,白银市,白银市,白银市,白银市,白银市,白银市,白银市,白银市,白银市
E620500,天水市,天水市,天水市,天水市,天水市,天水市,天水市,天水市,天水市,天水市,天水市,天水市,天水市,天水市,天水市,天水市,天水市,天水市,天水市,天水市,天水市,天水市,天水市,天水市,天水市
E620600,武威地区,武威市,武威市,武威市,武威市,武威市,武威市,武威市,武威市,武威市,武威市,武威市,武威市,武威市,武威市,武威市,武威市,武威市,武威市,武威市,武威市,武威市,武威市,武威市,武威市
E620700,张掖地区,张掖地区,张掖市,张掖市,张掖市,张掖市,张掖市,张掖市,张掖市,张掖市,张掖市,张掖市,张掖市,张掖市,张掖市,张掖市,张掖市,张掖市,张掖市,张掖市,张掖市,张掖市,张掖市,张掖市,张掖市
E620800,平凉地区,平凉地区,平凉市,平凉市,平凉市,平凉市,平凉市,平凉市,平凉市,平凉市,平凉市,平凉市,平凉市,平凉市,平凉市,平凉市,平凉市,平凉市,平凉市,平凉市,平凉市,平凉市,平凉市,平凉市,平凉市
E620900,酒泉地区,酒泉地区,酒泉市,酒泉市,酒泉市,酒泉市,酒泉市,酒泉市,酒泉市,酒泉市,酒泉市,酒泉市,酒泉市,酒泉市,酒泉市,酒泉市,酒泉市,酒泉市,酒泉市,酒泉市,酒泉市,酒泉市,酒泉市,酒泉市,酒泉市
E621000,庆阳地区,庆阳地区,庆阳市,庆阳市,庆阳市,庆阳市,庆阳市,庆阳市,庆阳市,庆阳市,庆阳市,庆阳市,庆阳市,庆阳市,庆阳市,庆阳市,庆阳市,庆阳市,庆阳市,庆阳市,庆阳市,庆阳市,庆阳市,庆阳市,庆阳市
E621100,定西地区,定西地区,定西地区,定西市,定西市,定西市,定西市,定西市,定西市,定西市,定西市,定西市,定西市,定西市,定西市,定西市,定西市,定西市,定西市,定西市,定西市,定西市,定西市,定西市,定西市
E621200,陇南地区,陇南地区,陇南地区,陇南地区,陇南市,陇南市,陇南市,陇南市,陇南市,陇南市,陇南市,陇南市,陇南市,陇南市,陇南市,陇南市,陇南市,陇南市,陇南市,陇南市,陇南市,陇南市,陇南市,陇南市,陇南市
E622900,临夏回族自治州,临夏回族自治州,临夏回族自治州,临夏回族自治州,临夏回族自治州,临夏回族自治州,临夏回族自治州,临夏回族自治州,临夏回族自治州,临夏回族自治州,临夏回族自治州,临夏回族自治州,临夏回族自治州,临夏回族自治州,临夏回族自治州,临夏回族自治州,临夏回族自治州,临夏回族自治州,临夏回族自治州,临夏回族自治州,临夏回族自治州,临夏回族自治州,临夏回族自治州,临夏回族自治州,临夏回族自治州
E623000,甘南藏族自治州,甘南藏族自治州,甘南藏族自治州,甘南藏族自治州,甘南藏族自治州,甘南藏族自治州,甘南藏族自治州,甘南藏族自治州,甘南藏族自治州,甘南藏族自治州,甘南藏族自治州,甘南藏族自治州,甘南藏族自治州,甘南藏族自治州,甘南藏族自治州,甘南藏族自治州,甘南藏族自治州,甘南藏族自治州,甘南藏族自治州,甘南藏族自治州,甘南藏族自治州,甘南藏族自治州,甘南藏族自治州,甘南藏族自治州,甘南藏族自治州
E630100,西宁市,西宁市,西宁市,西宁市,西宁市,西宁市,西宁市,西宁市,西宁市,西宁市,西宁市,西宁市,西宁市,西宁市,西宁市,西宁市,西宁市,西宁市,西宁市,西宁市,西宁市,西宁市,西宁市,西宁市,西宁市
E630200,海东地区,海东地区,海东地区,海东地区,海东地区,海东地区,海东地区,海东地区,海东地区,海东地区,海东地区,海东地区,海东地区,海东市,海东市,海东市,海东市,海东市,海东市,海东市,海东市,海东市,海东市,海东市,海东市
E632200,海北藏族自治州,海北藏族自治州,海北藏族自治州,海北藏族自治州,海北藏族自治州,海北藏族自治州,海北藏族自治州,海北藏族自治州,海北藏族自治州,海北藏族自治州,海北藏族自治州,海北藏族自治州,海北藏族自治州,海北藏族自治州,海北藏族自治州,海北藏族自治州,海北藏族自治州,海北藏族自治州,海北藏族自治州,海北藏族自治州,海北藏族自治州,海北藏族自治州,海北藏族自治州,海北藏族自治州,海北藏族自治州
E632300,黄南藏族自治州,黄南藏族自治州,黄南藏族自治州,黄南藏族自治州,黄南藏族自治州,黄南藏族自治州,黄南藏族自治州,黄南藏族自治州,黄南藏族自治州,黄南藏族自治州,黄南藏族自治州,黄南藏族自治州,黄南藏族自治州,黄南藏族自治州,黄南藏族自治州,黄南藏族自治州,黄南藏族自治州,黄南藏族自治州,黄南藏族自治州,黄南藏族自治州,黄南藏族自治州,黄南藏族自治州,黄南藏族自治州,黄南藏族自治州,黄南藏族自治州
E632500,海南藏族自治州,海南藏族自治州,海南藏族自治州,海南藏族自治州,海南藏族自治州,海南藏族自治州,海南藏族自治州,海南藏族自治州,海南藏族自治州,海南藏族自治州,海南藏族自治州,海南藏族自治州,海南藏族自治州,海南藏族自治州,海南藏族自治州,海南藏族自治州,海南藏族自治州,海南藏族自治州,海南藏族自治州,海南藏族自治州,海南藏族自治州,海南藏族自治州,海南藏族自治州,海南藏族自治州,海南藏族自治州
E632600,果洛藏族自治州,果洛藏族自治州,果洛藏族自治州,果洛藏族自治州,果洛藏族自治州,果洛藏族自治州,果洛藏族自治州,果洛藏族自治州,果洛藏族自治州,果洛藏族自治州,果洛藏族自治州,果洛藏族自治州,果洛藏族自治州,果洛藏族自治州,果洛藏族自治州,果洛藏族自治州,果洛藏族自治州,果洛藏族自治州,果洛藏族自治州,果洛藏族自治州,果洛藏族自治州,果洛藏族自治州,果洛藏族自治州,果洛藏族自治州,果洛藏族自治州
E632700,玉树藏族自治州,玉树藏族自治州,玉树藏族自治州,玉树藏族自治州,玉树藏族自治州,玉树藏族自治州,玉树藏族自治州,玉树藏族自治州,玉树藏族自治州,玉树藏族自治州,玉树藏族自治州,玉树藏族自治州,玉树藏族自治州,玉树藏族自治州,玉树藏族自治州,玉树藏族自治州,玉树藏族自治州,玉树藏族自治州,玉树藏族自治州,玉树藏族自治州,玉树藏族自治州,玉树藏族自治州,玉树藏族自治州,玉树藏族自治州,玉树藏族自治州
E632800,海西蒙古族藏族自治州,海西蒙古族藏族自治州,海西蒙古族藏族自治州,海西蒙古族藏族自治州,海西蒙古族藏族自治州,海西蒙古族藏族自治州,海西蒙古族藏族自治州,海西蒙古族藏族自治州,海西蒙古族藏族自治州,海西蒙古族藏族自治州,海西蒙古族藏族自治州,海西蒙古族藏族自治州,海西蒙古族藏族自治州,海西蒙古族藏族自治州,海西蒙古族藏族自治州,海西蒙古族藏族自治州,海西蒙古族藏族自治州,海西蒙古族藏族自治州,海西蒙古族藏族自治州,海西蒙古族藏族自治州,海西蒙古族藏族自治州,海西蒙古族藏族自治州,海西蒙古族藏族自治州,海西蒙古族藏族自治州,海西蒙古族藏族自治州
E640100,银川市,银川市,银川市,银川市,银川市,银川市,银川市,银川市,银川市,银川市,银川市,银川市,银川市,银川市,银川市,银川市,银川市,银川市,银川市,银川市,银川市,银川市,银川市,银川市,银川市
E640200,石嘴山市,石嘴山市,石嘴山市,石嘴山市,石嘴山市,石嘴山市,石嘴山市,石嘴山市,石嘴山市,石嘴山市,石嘴山市,石嘴山市,石嘴山市,石嘴山市,石嘴山市,石嘴山市,石嘴山市,石嘴山市,石嘴山市,石嘴山市,石嘴山市,石嘴山市,石嘴山市,石嘴山市,石嘴山市
E640300,吴忠市,吴忠市,吴忠市,吴忠市,吴忠市,吴忠市,吴忠市,吴忠市,吴忠市,吴忠市,吴忠市,吴忠市,吴忠市,吴忠市,吴忠市,吴忠市,吴忠市,吴忠市,吴忠市,吴忠市,吴忠市,吴忠市,吴忠市,吴忠市,吴忠市
E640400,固原地区,固原市,固原市,固原市,固原市,固原市,固原市,固原市,固原市,固原市,固原市,固原市,固原市,固原市,固原市,固原市,固原市,固原市,固原市,固原市,固原市,固原市,固原市,固原市,固原市
E640500,中卫市,中卫市,中卫市,中卫市,中卫市,中卫市,中卫市,中卫市,中卫市,中卫市,中卫市,中卫市,中卫市,中卫市,中卫市,中卫市,中卫市,中卫市,中卫市,中卫市,中卫市,中卫市,中卫市,中卫市,中卫市
E650100,乌鲁木齐市,乌鲁木齐市,乌鲁木齐市,乌鲁木齐市,乌鲁木齐市,乌鲁木齐市,乌鲁木齐市,乌鲁木齐市,乌鲁木齐市,乌鲁木齐市,乌鲁木齐市,乌鲁木齐市,乌鲁木齐市,乌鲁木齐市,乌鲁木齐市,乌鲁木齐市,乌鲁木齐市,乌鲁木齐市,乌鲁木齐市,乌鲁木齐市,乌鲁木齐市,乌鲁木齐市,乌鲁木齐市,乌鲁木齐市,乌鲁木齐市
E650200,克拉玛依市,克拉玛依市,克拉玛依市,克拉玛依市,克拉玛依市,克拉玛依市,克拉玛依市,克拉玛依市,克拉玛依市,克拉玛依市,克拉玛依市,克拉玛依市,克拉玛依市,克拉玛依市,克拉玛依市,克拉玛依市,克拉玛依市,克拉玛依市,克拉玛依市,克拉玛依市,克拉玛依市,克拉玛依市,克拉玛依市,克拉玛依市,克拉玛依市
E650400,吐鲁番地区,吐鲁番地区,吐鲁番地区,吐鲁番地区,吐鲁番地区,吐鲁番地区,吐鲁番地区,吐鲁番地区,吐鲁番地区,吐鲁番地区,吐鲁番地区,吐鲁番地区,吐鲁番地区,吐鲁番地区,吐鲁番地区,吐鲁番市,吐鲁番市,吐鲁番市,吐鲁番市,吐鲁番市,吐鲁番市,吐鲁番市,吐鲁番市,吐鲁番市,吐鲁番市
E650500,哈密地区,哈密地区,哈密地区,哈密地区,哈密地区,哈密地区,哈密地区,哈密地区,哈密地区,哈密地区,哈密地区,哈密地区,哈密地区,哈密地区,哈密地区,哈密地区,哈密市,哈密市,哈密市,哈密市,哈密市,哈密市,哈密市,哈密市,哈密市
E652300,昌吉回族自治州,昌吉回族自治州,昌吉回族自治州,昌吉回族自治州,昌吉回族自治州,昌吉回族自治州,昌吉回族自治州,昌吉回族自治州,昌吉回族自治州,昌吉回族自治州,昌吉回族自治州,昌吉回族自治州,昌吉回族自治州,昌吉回族自治州,昌吉回族自治州,昌吉回族自治州,昌吉回族自治州,昌吉回族自治州,昌吉回族自治州,昌吉回族自治州,昌吉回族自治州,昌吉回族自治州,昌吉回族自治州,昌吉回族自治州,昌吉回族自治州
E652700,博尔塔拉蒙古自治州,博尔塔拉蒙古自治州,博尔塔拉蒙古自治州,博尔塔拉蒙古自治州,博尔塔拉蒙古自治州,博尔塔拉蒙古自治州,博尔塔拉蒙古自治州,博尔塔拉蒙古自治州,博尔塔拉蒙古自治州,博尔塔拉蒙古自治州,博尔塔拉蒙古自治州,博尔塔拉蒙古自治州,博尔塔拉蒙古自治州,博尔塔拉蒙古自治州,博尔塔拉蒙古自治州,博尔塔拉蒙古自治州,博尔塔拉蒙古自治州,博尔塔拉蒙古自治州,博尔塔拉蒙古自治州,博尔塔拉蒙古自治州,博尔塔拉蒙古自治州,博尔塔拉蒙古自治州,博尔塔拉蒙古自治州,博尔塔拉蒙古自治州,博尔塔拉蒙古自治州
E652800,巴音郭楞蒙古自治州,巴音郭楞蒙古自治州,巴音郭楞蒙古自治州,巴音郭楞蒙古自治州,巴音郭楞蒙古自治州,巴音郭楞蒙古自治州,巴音郭楞蒙古自治州,巴音郭楞蒙古自治州,巴音郭楞蒙古自治州,巴音郭楞蒙古自治州,巴音郭楞蒙古自治州,巴音郭楞蒙古自治州,巴音郭楞蒙古自治州,巴音郭楞蒙古自治州,巴音郭楞蒙古自治州,巴音郭楞蒙古自治州,巴音郭楞蒙古自治州,巴音郭楞蒙古自治州,巴音郭楞蒙古自治州,巴音郭楞蒙古自治州,巴音郭楞蒙古自治州,巴音郭楞蒙古自治州,巴音郭楞蒙古自治州,巴音郭楞蒙古自治州,巴音郭楞蒙古自治州
E652900,阿克苏地区,阿克苏地区,阿克苏地区,阿克苏地区,阿克苏地区,阿克苏地区,阿克苏地区,阿克苏地区,阿克苏地区,阿克苏地区,阿克苏地区,阿克苏地区,阿克苏地区,阿克苏地区,阿克苏地区,阿克苏地区,阿克苏地区,阿克苏地区,阿克苏地区,阿克苏地区,阿克苏地区,阿克苏地区,阿克苏地区,阿克苏地区,阿克苏地区
E653000,克孜勒苏柯尔克孜自治州,克孜勒苏柯尔克孜自治州,克孜勒苏柯尔克孜自治州,克孜勒苏柯尔克孜自治州,克孜勒苏柯尔克孜自治州,克孜勒苏柯尔克孜自治州,克孜勒苏柯尔克孜自治州,克孜勒苏柯尔克孜自治州,克孜勒苏柯尔克孜自治州,克孜勒苏柯尔克孜自治州,克孜勒苏柯尔克孜自治州,克孜勒苏柯尔克孜自治州,克孜勒苏柯尔克孜自治州,克孜勒苏柯尔克孜自治州,克孜勒苏柯尔克孜自治州,克孜勒苏柯尔克孜自治州,克孜勒苏柯尔克孜自治州,克孜勒苏柯尔克孜自治州,克孜勒苏柯尔克孜自治州,克孜勒苏柯尔克孜自治州,克孜勒苏柯尔克孜自治州,克孜勒苏柯尔克孜自治州,克孜勒苏柯尔克孜自治州,克孜勒苏柯尔克孜自治州,克孜勒苏柯尔克孜自治州
E653100,喀什地区,喀什地区,喀什地区,喀什地区,喀什地区,喀什地区,喀什地区,喀什地区,喀什地区,喀什地区,喀什地区,喀什地区,喀什地区,喀什地区,喀什地区,喀什地区,喀什地区,喀什地区,喀什地区,喀什地区,喀什地区,喀什地区,喀什地区,喀什地区,喀什地区
E653200,和田地区,和田地区,和田地区,和田地区,和田地区,和田地区,和田地区,和田地区,和田地区,和田地区,和田地区,和田地区,和田地区,和田地区,和田地区,和田地区,和田地区,和田地区,和田地区,和田地区,和田地区,和田地区,和田地区,和田地区,和田地区
E654000,伊犁哈萨克自治州,伊犁哈萨克自治州,伊犁哈萨克自治州,伊犁哈萨克自治州,伊犁哈萨克自治州,伊犁哈萨克自治州,伊犁哈萨克自治州,伊犁哈萨克自治州,伊犁哈萨克自治州,伊犁哈萨克自治州,伊犁哈萨克自治州,伊犁哈萨克自治州,伊犁哈萨克自治州,伊犁哈萨克自治州,伊犁哈萨克自治州,伊犁哈萨克自治州,伊犁哈萨克自治州,伊犁哈萨克自治州,伊犁哈萨克自治州,伊犁哈萨克自治州,伊犁哈萨克自治州,伊犁哈萨克自治州,伊犁哈萨克自治州,伊犁哈萨克自治州,伊犁哈萨克自治州
E654100,伊犁地区,伊犁地区,伊犁地区,伊犁地区,伊犁地区,伊犁地区,伊犁地区,伊犁地区,伊犁地区,伊犁地区,伊犁地区,伊犁地区,伊犁地区,伊犁地区,伊犁地区,伊犁地区,伊犁地区,伊犁地区,伊犁地区,伊犁地区,伊犁地区,伊犁地区,伊犁地区,伊犁地区,伊犁地区
E654200,塔城地区,塔城地区,塔城地区,塔城地区,塔城地区,塔城地区,塔城地区,塔城地区,塔城地区,塔城地区,塔城地区,塔城地区,塔城地区,塔城地区,塔城地区,塔城地区,塔城地区,塔城地区,塔城地区,塔城地区,塔城地区,塔城地区,塔城地区,塔城地区,塔城地区
E654300,阿勒泰地区,阿勒泰地区,阿勒泰地区,阿勒泰地区,阿勒泰地区,阿勒泰地区,阿勒泰地区,阿勒泰地区,阿勒泰地区,阿勒泰地区,阿勒泰地区,阿勒泰地区,阿勒泰地区,阿勒泰地区,阿勒泰地区,阿勒泰地区,阿勒泰地区,阿勒泰地区,阿勒泰地区,阿勒泰地区,阿勒泰地区,阿勒泰地区,阿勒泰地区,阿勒泰地区,阿勒泰地区
