check,status,subject,detail
unique_event_id,pass,all_events,duplicates=0
unique_event_signature,pass,all_events,events=144
entity_reference,pass,WIKI-1987-001,CNUR-000106
automatic_continuity,pass,WIKI-1987-001,type=upgrade automatic=True
entity_reference,pass,WIKI-1987-002,CNUR-000095
automatic_continuity,pass,WIKI-1987-002,type=upgrade automatic=True
entity_reference,pass,WIKI-1987-003,CNUR-000341
automatic_continuity,pass,WIKI-1987-003,type=abolish automatic=False
historical_lifespan,pass,WIKI-1987-003,event=1987 lifespan=1955-1987
entity_reference,pass,WIKI-1987-004,CNUR-000238
automatic_continuity,pass,WIKI-1987-004,type=rename automatic=True
entity_reference,pass,WIKI-1987-005,CNUR-000254
automatic_continuity,pass,WIKI-1987-005,type=rename automatic=True
entity_reference,pass,WIKI-1988-006,CNUR-000012
automatic_continuity,pass,WIKI-1988-006,type=upgrade automatic=True
entity_reference,pass,WIKI-1988-007,CNUR-000019
automatic_continuity,pass,WIKI-1988-007,type=establish automatic=False
entity_reference,pass,WIKI-1988-008,CNUR-000188
automatic_continuity,pass,WIKI-1988-008,type=upgrade automatic=True
entity_reference,pass,WIKI-1988-009,CNUR-000205
automatic_continuity,pass,WIKI-1988-009,type=upgrade automatic=True
entity_reference,pass,WIKI-1988-010,CNUR-000206
automatic_continuity,pass,WIKI-1988-010,type=upgrade automatic=True
entity_reference,pass,WIKI-1988-011,CNUR-000208
automatic_continuity,pass,WIKI-1988-011,type=establish automatic=False
entity_reference,pass,WIKI-1988-012,CNUR-000209
automatic_continuity,pass,WIKI-1988-012,type=establish automatic=False
entity_reference,pass,WIKI-1988-013,CNUR-000207
automatic_continuity,pass,WIKI-1988-013,type=upgrade automatic=True
entity_reference,pass,WIKI-1988-014,CNUR-000210
automatic_continuity,pass,WIKI-1988-014,type=establish automatic=False
entity_reference,pass,WIKI-1988-015,CNUR-000211
automatic_continuity,pass,WIKI-1988-015,type=establish automatic=False
entity_reference,pass,WIKI-1988-016,CNUR-000105
automatic_continuity,pass,WIKI-1988-016,type=merge automatic=False
entity_reference,pass,WIKI-1988-017,CNUR-000113
automatic_continuity,pass,WIKI-1988-017,type=establish_prefecture automatic=False
entity_reference,pass,WIKI-1988-018,CNUR-000121
automatic_continuity,pass,WIKI-1988-018,type=rename automatic=True
entity_reference,pass,WIKI-1992-019,CNUR-000107
automatic_continuity,pass,WIKI-1992-019,type=upgrade automatic=True
entity_reference,pass,WIKI-1992-020,CNUR-000342
automatic_continuity,pass,WIKI-1992-020,type=upgrade automatic=True
historical_lifespan,pass,WIKI-1992-020,event=1992 lifespan=1992-1997
entity_reference,pass,WIKI-1992-021,CNUR-000172
automatic_continuity,pass,WIKI-1992-021,type=abolish automatic=False
entity_reference,pass,WIKI-1992-022,CNUR-000057
automatic_continuity,pass,WIKI-1992-022,type=establish automatic=False
entity_reference,pass,WIKI-1992-023,CNUR-000150
automatic_continuity,pass,WIKI-1992-023,type=rename automatic=True
entity_reference,pass,WIKI-1993-024,CNUR-000058
automatic_continuity,pass,WIKI-1993-024,type=upgrade automatic=True
entity_reference,pass,WIKI-1993-025,CNUR-000070
automatic_continuity,pass,WIKI-1993-025,type=upgrade automatic=True
entity_reference,pass,WIKI-1993-026,CNUR-000176
automatic_continuity,pass,WIKI-1993-026,type=establish automatic=False
entity_reference,pass,WIKI-1993-027,CNUR-000246
automatic_continuity,pass,WIKI-1993-027,type=upgrade automatic=True
entity_reference,pass,WIKI-1993-028,CNUR-000003
automatic_continuity,pass,WIKI-1993-028,type=merge automatic=False
entity_reference,pass,WIKI-1993-029,CNUR-000343
automatic_continuity,pass,WIKI-1993-029,type=abolish automatic=False
historical_lifespan,pass,WIKI-1993-029,event=1993 lifespan=1970-1993
entity_reference,pass,WIKI-1993-030,CNUR-000222
automatic_continuity,pass,WIKI-1993-030,type=establish automatic=False
entity_reference,pass,WIKI-1993-031,CNUR-000181
automatic_continuity,pass,WIKI-1993-031,type=rename automatic=True
entity_reference,pass,WIKI-1994-032,CNUR-000096
automatic_continuity,pass,WIKI-1994-032,type=upgrade automatic=True
entity_reference,pass,WIKI-1994-033,CNUR-000121
automatic_continuity,pass,WIKI-1994-033,type=upgrade automatic=True
entity_reference,pass,WIKI-1994-034,CNUR-000147
automatic_continuity,pass,WIKI-1994-034,type=upgrade automatic=True
entity_reference,pass,WIKI-1994-035,CNUR-000148
automatic_continuity,pass,WIKI-1994-035,type=upgrade automatic=True
entity_reference,pass,WIKI-1994-036,CNUR-000164
automatic_continuity,pass,WIKI-1994-036,type=upgrade automatic=True
entity_reference,pass,WIKI-1994-037,CNUR-000190
automatic_continuity,pass,WIKI-1994-037,type=upgrade automatic=True
entity_reference,pass,WIKI-1994-038,CNUR-000191
automatic_continuity,pass,WIKI-1994-038,type=establish automatic=False
entity_reference,pass,WIKI-1994-039,CNUR-000223
automatic_continuity,pass,WIKI-1994-039,type=upgrade automatic=True
entity_reference,pass,WIKI-1994-040,CNUR-000293
automatic_continuity,pass,WIKI-1994-040,type=upgrade automatic=True
entity_reference,pass,WIKI-1994-041,CNUR-000171
automatic_continuity,pass,WIKI-1994-041,type=merge automatic=False
entity_reference,pass,WIKI-1994-042,CNUR-000177
automatic_continuity,pass,WIKI-1994-042,type=upgrade automatic=True
entity_reference,pass,WIKI-1994-043,CNUR-000050
automatic_continuity,pass,WIKI-1994-043,type=rename automatic=True
entity_reference,pass,WIKI-1994-044,CNUR-000056
automatic_continuity,pass,WIKI-1994-044,type=rename automatic=True
entity_reference,pass,WIKI-1994-045,CNUR-000189
automatic_continuity,pass,WIKI-1994-045,type=rename automatic=True
entity_reference,pass,WIKI-1995-046,CNUR-000178
automatic_continuity,pass,WIKI-1995-046,type=upgrade automatic=True
entity_reference,pass,WIKI-1995-047,CNUR-000192
automatic_continuity,pass,WIKI-1995-047,type=upgrade automatic=True
entity_reference,pass,WIKI-1995-048,CNUR-000344
automatic_continuity,pass,WIKI-1995-048,type=upgrade automatic=True
historical_lifespan,pass,WIKI-1995-048,event=1995 lifespan=1995-1997
entity_reference,pass,WIKI-1996-049,CNUR-000013
automatic_continuity,pass,WIKI-1996-049,type=upgrade automatic=True
entity_reference,pass,WIKI-1996-050,CNUR-000108
automatic_continuity,pass,WIKI-1996-050,type=upgrade automatic=True
entity_reference,pass,WIKI-1996-051,CNUR-000122
automatic_continuity,pass,WIKI-1996-051,type=upgrade automatic=True
entity_reference,pass,WIKI-1996-052,CNUR-000248
automatic_continuity,pass,WIKI-1996-052,type=upgrade automatic=True
entity_reference,pass,WIKI-1996-053,CNUR-000295
automatic_continuity,pass,WIKI-1996-053,type=upgrade automatic=True
entity_reference,pass,WIKI-1996-054,CNUR-000294
automatic_continuity,pass,WIKI-1996-054,type=upgrade automatic=True
entity_reference,pass,WIKI-1996-055,CNUR-000177
automatic_continuity,pass,WIKI-1996-055,type=rename automatic=True
entity_reference,pass,WIKI-1996-056,CNUR-000345
automatic_continuity,pass,WIKI-1996-056,type=jurisdiction_transfer automatic=False
historical_lifespan,pass,WIKI-1996-056,event=1996 lifespan=1988-1997
entity_reference,pass,WIKI-1997-057,CNUR-000149
automatic_continuity,pass,WIKI-1997-057,type=upgrade automatic=True
entity_reference,pass,WIKI-1997-058,CNUR-000165
automatic_continuity,pass,WIKI-1997-058,type=upgrade automatic=True
entity_reference,pass,WIKI-1997-059,CNUR-000193
automatic_continuity,pass,WIKI-1997-059,type=upgrade automatic=True
entity_reference,pass,WIKI-1997-060,CNUR-000225
automatic_continuity,pass,WIKI-1997-060,type=upgrade automatic=True
entity_reference,pass,WIKI-1997-061,CNUR-000259
automatic_continuity,pass,WIKI-1997-061,type=upgrade automatic=True
entity_reference,pass,WIKI-1997-062,CNUR-000267
automatic_continuity,pass,WIKI-1997-062,type=upgrade automatic=True
entity_reference,pass,WIKI-1997-063,CNUR-000268
automatic_continuity,pass,WIKI-1997-063,type=upgrade automatic=True
entity_reference,pass,WIKI-1997-064,CNUR-000227
automatic_continuity,pass,WIKI-1997-064,type=rename automatic=True
entity_reference,pass,WIKI-1997-065,CNUR-000247
automatic_continuity,pass,WIKI-1997-065,type=establish_prefecture automatic=False
entity_reference,pass,WIKI-1998-066,CNUR-000109
automatic_continuity,pass,WIKI-1998-066,type=upgrade automatic=True
entity_reference,pass,WIKI-1998-067,CNUR-000130
automatic_continuity,pass,WIKI-1998-067,type=upgrade automatic=True
entity_reference,pass,WIKI-1998-068,CNUR-000166
automatic_continuity,pass,WIKI-1998-068,type=upgrade automatic=True
entity_reference,pass,WIKI-1998-069,CNUR-000179
automatic_continuity,pass,WIKI-1998-069,type=upgrade automatic=True
entity_reference,pass,WIKI-1998-070,CNUR-000249
automatic_continuity,pass,WIKI-1998-070,type=upgrade automatic=True
entity_reference,pass,WIKI-1998-071,CNUR-000323
automatic_continuity,pass,WIKI-1998-071,type=upgrade automatic=True
entity_reference,pass,WIKI-1998-072,CNUR-000253
automatic_continuity,pass,WIKI-1998-072,type=establish_prefecture automatic=False
entity_reference,pass,WIKI-1999-073,CNUR-000020
automatic_continuity,pass,WIKI-1999-073,type=upgrade automatic=True
entity_reference,pass,WIKI-1999-074,CNUR-000071
automatic_continuity,pass,WIKI-1999-074,type=upgrade automatic=True
entity_reference,pass,WIKI-1999-075,CNUR-000110
automatic_continuity,pass,WIKI-1999-075,type=upgrade automatic=True
entity_reference,pass,WIKI-1999-076,CNUR-000111
automatic_continuity,pass,WIKI-1999-076,type=upgrade automatic=True
entity_reference,pass,WIKI-1999-077,CNUR-000123
automatic_continuity,pass,WIKI-1999-077,type=upgrade automatic=True
entity_reference,pass,WIKI-1999-078,CNUR-000194
automatic_continuity,pass,WIKI-1999-078,type=upgrade automatic=True
entity_reference,pass,WIKI-1999-079,CNUR-000250
automatic_continuity,pass,WIKI-1999-079,type=upgrade automatic=True
entity_reference,pass,WIKI-1999-080,CNUR-000296
automatic_continuity,pass,WIKI-1999-080,type=upgrade automatic=True
entity_reference,pass,WIKI-1999-081,CNUR-000029
automatic_continuity,pass,WIKI-1999-081,type=upgrade automatic=True
entity_reference,pass,PL-2000-001,CNUR-000131
automatic_continuity,pass,PL-2000-001,type=upgrade automatic=True
event_roster_name,pass,PL-2000-001,event=吉安市 roster=吉安市
entity_reference,pass,PL-2000-002,CNUR-000097
automatic_continuity,pass,PL-2000-002,type=upgrade automatic=True
event_roster_name,pass,PL-2000-002,event=丽水市 roster=丽水市
entity_reference,pass,PL-2000-003,CNUR-000132
automatic_continuity,pass,PL-2000-003,type=upgrade automatic=True
event_roster_name,pass,PL-2000-003,event=宜春市 roster=宜春市
entity_reference,pass,PL-2000-004,CNUR-000167
automatic_continuity,pass,PL-2000-004,type=upgrade automatic=True
event_roster_name,pass,PL-2000-004,event=周口市 roster=周口市
entity_reference,pass,PL-2000-005,CNUR-000168
automatic_continuity,pass,PL-2000-005,type=upgrade automatic=True
event_roster_name,pass,PL-2000-005,event=驻马店市 roster=驻马店市
entity_reference,pass,PL-2000-006,CNUR-000150
automatic_continuity,pass,PL-2000-006,type=upgrade automatic=True
event_roster_name,pass,PL-2000-006,event=滨州市 roster=滨州市
entity_reference,pass,PL-2000-007,CNUR-000247
automatic_continuity,pass,PL-2000-007,type=upgrade automatic=True
event_roster_name,pass,PL-2000-007,event=眉山市 roster=眉山市
entity_reference,pass,PL-2000-008,CNUR-000251
automatic_continuity,pass,PL-2000-008,type=upgrade automatic=True
event_roster_name,pass,PL-2000-008,event=雅安市 roster=雅安市
entity_reference,pass,PL-2000-009,CNUR-000252
automatic_continuity,pass,PL-2000-009,type=upgrade automatic=True
event_roster_name,pass,PL-2000-009,event=巴中市 roster=巴中市
entity_reference,pass,PL-2000-010,CNUR-000253
automatic_continuity,pass,PL-2000-010,type=upgrade automatic=True
event_roster_name,pass,PL-2000-010,event=资阳市 roster=资阳市
entity_reference,pass,PL-2000-011,CNUR-000021
automatic_continuity,pass,PL-2000-011,type=upgrade automatic=True
event_roster_name,pass,PL-2000-011,event=运城市 roster=运城市
entity_reference,pass,PL-2000-012,CNUR-000022
automatic_continuity,pass,PL-2000-012,type=upgrade automatic=True
event_roster_name,pass,PL-2000-012,event=忻州市 roster=忻州市
entity_reference,pass,PL-2000-013,CNUR-000023
automatic_continuity,pass,PL-2000-013,type=upgrade automatic=True
event_roster_name,pass,PL-2000-013,event=临汾市 roster=临汾市
entity_reference,pass,PL-2000-014,CNUR-000260
automatic_continuity,pass,PL-2000-014,type=upgrade automatic=True
event_roster_name,pass,PL-2000-014,event=安顺市 roster=安顺市
entity_reference,pass,PL-2000-015,CNUR-000297
automatic_continuity,pass,PL-2000-015,type=upgrade automatic=True
event_roster_name,pass,PL-2000-015,event=安康市 roster=安康市
entity_reference,pass,PL-2000-016,CNUR-000133
automatic_continuity,pass,PL-2000-016,type=upgrade automatic=True
event_roster_name,pass,PL-2000-016,event=抚州市 roster=抚州市
entity_reference,pass,PL-2000-017,CNUR-000134
automatic_continuity,pass,PL-2000-017,type=upgrade automatic=True
event_roster_name,pass,PL-2000-017,event=上饶市 roster=上饶市
entity_reference,pass,PL-2000-018,CNUR-000151
automatic_continuity,pass,PL-2000-018,type=upgrade automatic=True
event_roster_name,pass,PL-2000-018,event=菏泽市 roster=菏泽市
entity_reference,pass,PL-2000-019,CNUR-000113
automatic_continuity,pass,PL-2000-019,type=upgrade automatic=True
event_roster_name,pass,PL-2000-019,event=池州市 roster=池州市
entity_reference,pass,PL-2000-020,CNUR-000114
automatic_continuity,pass,PL-2000-020,type=upgrade automatic=True
event_roster_name,pass,PL-2000-020,event=宣城市 roster=宣城市
entity_reference,pass,PL-2000-021,CNUR-000269
automatic_continuity,pass,PL-2000-021,type=upgrade automatic=True
event_roster_name,pass,PL-2000-021,event=保山市 roster=保山市
entity_reference,pass,PL-2000-022,CNUR-000112
automatic_continuity,pass,PL-2000-022,type=upgrade automatic=True
event_roster_name,pass,PL-2000-022,event=亳州市 roster=亳州市
entity_reference,pass,PL-2000-023,CNUR-000180
automatic_continuity,pass,PL-2000-023,type=upgrade automatic=True
event_roster_name,pass,PL-2000-023,event=随州市 roster=随州市
entity_reference,pass,PL-2000-024,CNUR-000081
automatic_continuity,pass,PL-2000-024,type=rename automatic=True
event_roster_name,pass,PL-2000-024,event=淮安市 roster=淮安市
entity_reference,pass,PL-2001-001,CNUR-000270
automatic_continuity,pass,PL-2001-001,type=upgrade automatic=True
event_roster_name,pass,PL-2001-001,event=昭通市 roster=昭通市
entity_reference,pass,PL-2001-002,CNUR-000030
automatic_continuity,pass,PL-2001-002,type=upgrade automatic=True
event_roster_name,pass,PL-2001-002,event=鄂尔多斯市 roster=鄂尔多斯市
entity_reference,pass,PL-2001-003,CNUR-000304
automatic_continuity,pass,PL-2001-003,type=upgrade automatic=True
event_roster_name,pass,PL-2001-003,event=武威市 roster=武威市
entity_reference,pass,PL-2001-004,CNUR-000324
automatic_continuity,pass,PL-2001-004,type=upgrade automatic=True
event_roster_name,pass,PL-2001-004,event=固原市 roster=固原市
entity_reference,pass,PL-2001-005,CNUR-000298
automatic_continuity,pass,PL-2001-005,type=upgrade automatic=True
event_roster_name,pass,PL-2001-005,event=商洛市 roster=商洛市
entity_reference,pass,PL-2001-006,CNUR-000031
automatic_continuity,pass,PL-2001-006,type=upgrade automatic=True
event_roster_name,pass,PL-2001-006,event=呼伦贝尔市 roster=呼伦贝尔市
entity_reference,pass,PL-2001-007,CNUR-000338
automatic_continuity,pass,PL-2001-007,type=abolish automatic=False
entity_reference,pass,PL-2002-001,CNUR-000305
automatic_continuity,pass,PL-2002-001,type=upgrade automatic=True
event_roster_name,pass,PL-2002-001,event=张掖市 roster=张掖市
entity_reference,pass,PL-2002-002,CNUR-000226
automatic_continuity,pass,PL-2002-002,type=upgrade automatic=True
event_roster_name,pass,PL-2002-002,event=百色市 roster=百色市
entity_reference,pass,PL-2002-003,CNUR-000306
automatic_continuity,pass,PL-2002-003,type=upgrade automatic=True
event_roster_name,pass,PL-2002-003,event=平凉市 roster=平凉市
entity_reference,pass,PL-2002-004,CNUR-000227
automatic_continuity,pass,PL-2002-004,type=upgrade automatic=True
event_roster_name,pass,PL-2002-004,event=贺州市 roster=贺州市
entity_reference,pass,PL-2002-005,CNUR-000228
automatic_continuity,pass,PL-2002-005,type=upgrade automatic=True
event_roster_name,pass,PL-2002-005,event=河池市 roster=河池市
entity_reference,pass,PL-2002-006,CNUR-000307
automatic_continuity,pass,PL-2002-006,type=upgrade automatic=True
event_roster_name,pass,PL-2002-006,event=酒泉市 roster=酒泉市
entity_reference,pass,PL-2002-007,CNUR-000308
automatic_continuity,pass,PL-2002-007,type=upgrade automatic=True
event_roster_name,pass,PL-2002-007,event=庆阳市 roster=庆阳市
entity_reference,pass,PL-2002-008,CNUR-000229
automatic_continuity,pass,PL-2002-008,type=upgrade automatic=True
event_roster_name,pass,PL-2002-008,event=来宾市 roster=来宾市
entity_reference,pass,PL-2002-009,CNUR-000230
automatic_continuity,pass,PL-2002-009,type=upgrade automatic=True
event_roster_name,pass,PL-2002-009,event=崇左市 roster=崇左市
entity_reference,pass,PL-2002-010,CNUR-000271
automatic_continuity,pass,PL-2002-010,type=upgrade automatic=True
event_roster_name,pass,PL-2002-010,event=丽江市 roster=丽江市
entity_reference,pass,PL-2003-001,CNUR-000309
automatic_continuity,pass,PL-2003-001,type=upgrade automatic=True
event_roster_name,pass,PL-2003-001,event=定西市 roster=定西市
entity_reference,pass,PL-2003-002,CNUR-000024
automatic_continuity,pass,PL-2003-002,type=upgrade automatic=True
event_roster_name,pass,PL-2003-002,event=吕梁市 roster=吕梁市
entity_reference,pass,PL-2003-003,CNUR-000272
automatic_continuity,pass,PL-2003-003,type=upgrade automatic=True
event_roster_name,pass,PL-2003-003,event=思茅市 roster=思茅市
entity_reference,pass,PL-2003-004,CNUR-000032
automatic_continuity,pass,PL-2003-004,type=upgrade automatic=True
event_roster_name,pass,PL-2003-004,event=巴彦淖尔市 roster=巴彦淖尔市
entity_reference,pass,PL-2003-005,CNUR-000033
automatic_continuity,pass,PL-2003-005,type=upgrade automatic=True
event_roster_name,pass,PL-2003-005,event=乌兰察布市 roster=乌兰察布市
entity_reference,pass,PL-2003-006,CNUR-000325
automatic_continuity,pass,PL-2003-006,type=establish automatic=False
event_roster_name,pass,PL-2003-006,event=中卫市 roster=中卫市
entity_reference,pass,PL-2004-001,CNUR-000310
automatic_continuity,pass,PL-2004-001,type=upgrade automatic=True
event_roster_name,pass,PL-2004-001,event=陇南市 roster=陇南市
entity_reference,pass,PL-2007-001,CNUR-000272
automatic_continuity,pass,PL-2007-001,type=rename automatic=True
event_roster_name,pass,PL-2007-001,event=普洱市 roster=普洱市
entity_reference,pass,PL-2010-001,CNUR-000173
automatic_continuity,pass,PL-2010-001,type=rename automatic=True
event_roster_name,pass,PL-2010-001,event=襄阳市 roster=襄阳市
entity_reference,pass,PL-2011-001,CNUR-000110
automatic_continuity,pass,PL-2011-001,type=split automatic=False
entity_reference,pass,PL-2011-002,CNUR-000261
automatic_continuity,pass,PL-2011-002,type=upgrade automatic=True
event_roster_name,pass,PL-2011-002,event=毕节市 roster=毕节市
entity_reference,pass,PL-2011-003,CNUR-000262
automatic_continuity,pass,PL-2011-003,type=upgrade automatic=True
event_roster_name,pass,PL-2011-003,event=铜仁市 roster=铜仁市
entity_reference,pass,PL-2012-001,CNUR-000233
automatic_continuity,pass,PL-2012-001,type=establish automatic=False
event_roster_name,pass,PL-2012-001,event=三沙市 roster=三沙市
entity_reference,pass,PL-2013-001,CNUR-000314
automatic_continuity,pass,PL-2013-001,type=upgrade automatic=True
event_roster_name,pass,PL-2013-001,event=海东市 roster=海东市
entity_reference,pass,PL-2014-001,CNUR-000283
automatic_continuity,pass,PL-2014-001,type=upgrade automatic=True
event_roster_name,pass,PL-2014-001,event=日喀则市 roster=日喀则市
entity_reference,pass,PL-2015-001,CNUR-000234
automatic_continuity,pass,PL-2015-001,type=upgrade automatic=True
event_roster_name,pass,PL-2015-001,event=儋州市 roster=儋州市
entity_reference,pass,PL-2015-002,CNUR-000285
automatic_continuity,pass,PL-2015-002,type=upgrade automatic=True
event_roster_name,pass,PL-2015-002,event=林芝市 roster=林芝市
entity_reference,pass,PL-2015-003,CNUR-000328
automatic_continuity,pass,PL-2015-003,type=upgrade automatic=True
event_roster_name,pass,PL-2015-003,event=吐鲁番市 roster=吐鲁番市
entity_reference,pass,PL-2016-001,CNUR-000286
automatic_continuity,pass,PL-2016-001,type=upgrade automatic=True
event_roster_name,pass,PL-2016-001,event=山南市 roster=山南市
entity_reference,pass,PL-2016-002,CNUR-000329
automatic_continuity,pass,PL-2016-002,type=upgrade automatic=True
event_roster_name,pass,PL-2016-002,event=哈密市 roster=哈密市
entity_reference,pass,PL-2017-001,CNUR-000287
automatic_continuity,pass,PL-2017-001,type=upgrade automatic=True
event_roster_name,pass,PL-2017-001,event=那曲市 roster=那曲市
entity_reference,pass,PL-2018-001,CNUR-000146
automatic_continuity,pass,PL-2018-001,type=merge automatic=False
chronological_order,pass,CNUR-000106,1987
chronological_order,pass,CNUR-000095,1987
chronological_order,pass,CNUR-000341,1987
chronological_order,pass,CNUR-000238,1987
chronological_order,pass,CNUR-000254,1987
chronological_order,pass,CNUR-000012,1988
chronological_order,pass,CNUR-000019,1988
chronological_order,pass,CNUR-000188,1988
chronological_order,pass,CNUR-000205,1988
chronological_order,pass,CNUR-000206,1988
chronological_order,pass,CNUR-000208,1988
chronological_order,pass,CNUR-000209,1988
chronological_order,pass,CNUR-000207,1988
chronological_order,pass,CNUR-000210,1988
chronological_order,pass,CNUR-000211,1988
chronological_order,pass,CNUR-000105,1988
chronological_order,pass,CNUR-000113,"1988,2000"
name_chain,pass,CNUR-000121,WIKI-1988-018:南平地区 -> WIKI-1994-033:南平地区
chronological_order,pass,CNUR-000121,"1988,1994"
chronological_order,pass,CNUR-000107,1992
chronological_order,pass,CNUR-000342,1992
chronological_order,pass,CNUR-000172,1992
chronological_order,pass,CNUR-000057,1992
name_chain,pass,CNUR-000150,WIKI-1992-023:滨州地区 -> PL-2000-006:滨州地区
chronological_order,pass,CNUR-000150,"1992,2000"
chronological_order,pass,CNUR-000058,1993
chronological_order,pass,CNUR-000070,1993
chronological_order,pass,CNUR-000176,1993
chronological_order,pass,CNUR-000246,1993
chronological_order,pass,CNUR-000003,1993
chronological_order,pass,CNUR-000343,1993
chronological_order,pass,CNUR-000222,1993
chronological_order,pass,CNUR-000181,1993
chronological_order,pass,CNUR-000096,1994
chronological_order,pass,CNUR-000147,1994
chronological_order,pass,CNUR-000148,1994
chronological_order,pass,CNUR-000164,1994
chronological_order,pass,CNUR-000190,1994
chronological_order,pass,CNUR-000191,1994
chronological_order,pass,CNUR-000223,1994
chronological_order,pass,CNUR-000293,1994
chronological_order,pass,CNUR-000171,1994
name_chain,pass,CNUR-000177,WIKI-1994-042:荆沙市 -> WIKI-1996-055:荆沙市
chronological_order,pass,CNUR-000177,"1994,1996"
chronological_order,pass,CNUR-000050,1994
chronological_order,pass,CNUR-000056,1994
chronological_order,pass,CNUR-000189,1994
chronological_order,pass,CNUR-000178,1995
chronological_order,pass,CNUR-000192,1995
chronological_order,pass,CNUR-000344,1995
chronological_order,pass,CNUR-000013,1996
chronological_order,pass,CNUR-000108,1996
chronological_order,pass,CNUR-000122,1996
chronological_order,pass,CNUR-000248,1996
chronological_order,pass,CNUR-000295,1996
chronological_order,pass,CNUR-000294,1996
chronological_order,pass,CNUR-000345,1996
chronological_order,pass,CNUR-000149,1997
chronological_order,pass,CNUR-000165,1997
chronological_order,pass,CNUR-000193,1997
chronological_order,pass,CNUR-000225,1997
chronological_order,pass,CNUR-000259,1997
chronological_order,pass,CNUR-000267,1997
chronological_order,pass,CNUR-000268,1997
name_chain,pass,CNUR-000227,WIKI-1997-064:贺州地区 -> PL-2002-004:贺州地区
chronological_order,pass,CNUR-000227,"1997,2002"
chronological_order,pass,CNUR-000247,"1997,2000"
chronological_order,pass,CNUR-000109,1998
chronological_order,pass,CNUR-000130,1998
chronological_order,pass,CNUR-000166,1998
chronological_order,pass,CNUR-000179,1998
chronological_order,pass,CNUR-000249,1998
chronological_order,pass,CNUR-000323,1998
chronological_order,pass,CNUR-000253,"1998,2000"
chronological_order,pass,CNUR-000020,1999
chronological_order,pass,CNUR-000071,1999
chronological_order,pass,CNUR-000110,"1999,2011"
chronological_order,pass,CNUR-000111,1999
chronological_order,pass,CNUR-000123,1999
chronological_order,pass,CNUR-000194,1999
chronological_order,pass,CNUR-000250,1999
chronological_order,pass,CNUR-000296,1999
chronological_order,pass,CNUR-000029,1999
chronological_order,pass,CNUR-000131,2000
chronological_order,pass,CNUR-000097,2000
chronological_order,pass,CNUR-000132,2000
chronological_order,pass,CNUR-000167,2000
chronological_order,pass,CNUR-000168,2000
chronological_order,pass,CNUR-000251,2000
chronological_order,pass,CNUR-000252,2000
chronological_order,pass,CNUR-000021,2000
chronological_order,pass,CNUR-000022,2000
chronological_order,pass,CNUR-000023,2000
chronological_order,pass,CNUR-000260,2000
chronological_order,pass,CNUR-000297,2000
chronological_order,pass,CNUR-000133,2000
chronological_order,pass,CNUR-000134,2000
chronological_order,pass,CNUR-000151,2000
chronological_order,pass,CNUR-000114,2000
chronological_order,pass,CNUR-000269,2000
chronological_order,pass,CNUR-000112,2000
chronological_order,pass,CNUR-000180,2000
chronological_order,pass,CNUR-000081,2000
chronological_order,pass,CNUR-000270,2001
chronological_order,pass,CNUR-000030,2001
chronological_order,pass,CNUR-000304,2001
chronological_order,pass,CNUR-000324,2001
chronological_order,pass,CNUR-000298,2001
chronological_order,pass,CNUR-000031,2001
chronological_order,pass,CNUR-000338,2001
chronological_order,pass,CNUR-000305,2002
chronological_order,pass,CNUR-000226,2002
chronological_order,pass,CNUR-000306,2002
chronological_order,pass,CNUR-000228,2002
chronological_order,pass,CNUR-000307,2002
chronological_order,pass,CNUR-000308,2002
chronological_order,pass,CNUR-000229,2002
chronological_order,pass,CNUR-000230,2002
chronological_order,pass,CNUR-000271,2002
chronological_order,pass,CNUR-000309,2003
chronological_order,pass,CNUR-000024,2003
name_chain,pass,CNUR-000272,PL-2003-003:思茅市 -> PL-2007-001:思茅市
chronological_order,pass,CNUR-000272,"2003,2007"
chronological_order,pass,CNUR-000032,2003
chronological_order,pass,CNUR-000033,2003
chronological_order,pass,CNUR-000325,2003
chronological_order,pass,CNUR-000310,2004
chronological_order,pass,CNUR-000173,2010
chronological_order,pass,CNUR-000261,2011
chronological_order,pass,CNUR-000262,2011
chronological_order,pass,CNUR-000233,2012
chronological_order,pass,CNUR-000314,2013
chronological_order,pass,CNUR-000283,2014
chronological_order,pass,CNUR-000234,2015
chronological_order,pass,CNUR-000285,2015
chronological_order,pass,CNUR-000328,2015
chronological_order,pass,CNUR-000286,2016
chronological_order,pass,CNUR-000329,2016
chronological_order,pass,CNUR-000287,2017
chronological_order,pass,CNUR-000146,2018
relation_event_reference,pass,WIKI-1987-001,upgrade
relation_from_entity,pass,WIKI-1987-001,CNUR-000106
relation_to_entity,pass,WIKI-1987-001,CNUR-000106
complex_relation_mapping,pass,WIKI-1987-001,upgrade automatic=true
relation_event_reference,pass,WIKI-1987-002,upgrade
relation_from_entity,pass,WIKI-1987-002,CNUR-000095
relation_to_entity,pass,WIKI-1987-002,CNUR-000095
complex_relation_mapping,pass,WIKI-1987-002,upgrade automatic=true
relation_event_reference,pass,WIKI-1987-003,abolish
relation_from_entity,pass,WIKI-1987-003,CNUR-000341
complex_relation_mapping,pass,WIKI-1987-003,abolish automatic=false
relation_event_reference,pass,WIKI-1987-004,rename
relation_from_entity,pass,WIKI-1987-004,CNUR-000238
relation_to_entity,pass,WIKI-1987-004,CNUR-000238
complex_relation_mapping,pass,WIKI-1987-004,rename automatic=true
relation_event_reference,pass,WIKI-1987-005,rename
relation_from_entity,pass,WIKI-1987-005,CNUR-000254
relation_to_entity,pass,WIKI-1987-005,CNUR-000254
complex_relation_mapping,pass,WIKI-1987-005,rename automatic=true
relation_event_reference,pass,WIKI-1988-006,upgrade
relation_from_entity,pass,WIKI-1988-006,CNUR-000012
relation_to_entity,pass,WIKI-1988-006,CNUR-000012
complex_relation_mapping,pass,WIKI-1988-006,upgrade automatic=true
relation_event_reference,pass,WIKI-1988-007,establish
relation_from_entity,pass,WIKI-1988-007,CNUR-000019
complex_relation_mapping,pass,WIKI-1988-007,establish automatic=false
relation_event_reference,pass,WIKI-1988-008,upgrade
relation_from_entity,pass,WIKI-1988-008,CNUR-000188
relation_to_entity,pass,WIKI-1988-008,CNUR-000188
complex_relation_mapping,pass,WIKI-1988-008,upgrade automatic=true
relation_event_reference,pass,WIKI-1988-009,upgrade
relation_from_entity,pass,WIKI-1988-009,CNUR-000205
relation_to_entity,pass,WIKI-1988-009,CNUR-000205
complex_relation_mapping,pass,WIKI-1988-009,upgrade automatic=true
relation_event_reference,pass,WIKI-1988-010,upgrade
relation_from_entity,pass,WIKI-1988-010,CNUR-000206
relation_to_entity,pass,WIKI-1988-010,CNUR-000206
complex_relation_mapping,pass,WIKI-1988-010,upgrade automatic=true
relation_event_reference,pass,WIKI-1988-011,establish
relation_from_entity,pass,WIKI-1988-011,CNUR-000208
complex_relation_mapping,pass,WIKI-1988-011,establish automatic=false
relation_event_reference,pass,WIKI-1988-012,establish
relation_from_entity,pass,WIKI-1988-012,CNUR-000209
complex_relation_mapping,pass,WIKI-1988-012,establish automatic=false
relation_event_reference,pass,WIKI-1988-013,upgrade
relation_from_entity,pass,WIKI-1988-013,CNUR-000207
relation_to_entity,pass,WIKI-1988-013,CNUR-000207
complex_relation_mapping,pass,WIKI-1988-013,upgrade automatic=true
relation_event_reference,pass,WIKI-1988-014,establish
relation_from_entity,pass,WIKI-1988-014,CNUR-000210
complex_relation_mapping,pass,WIKI-1988-014,establish automatic=false
relation_event_reference,pass,WIKI-1988-015,establish
relation_from_entity,pass,WIKI-1988-015,CNUR-000211
complex_relation_mapping,pass,WIKI-1988-015,establish automatic=false
relation_event_reference,pass,WIKI-1988-016,merge
relation_from_entity,pass,WIKI-1988-016,CNUR-000105
complex_relation_mapping,pass,WIKI-1988-016,merge automatic=false
relation_event_reference,pass,WIKI-1988-017,establish_prefecture
relation_from_entity,pass,WIKI-1988-017,CNUR-000113
complex_relation_mapping,pass,WIKI-1988-017,establish_prefecture automatic=false
relation_event_reference,pass,WIKI-1988-018,rename
relation_from_entity,pass,WIKI-1988-018,CNUR-000121
relation_to_entity,pass,WIKI-1988-018,CNUR-000121
complex_relation_mapping,pass,WIKI-1988-018,rename automatic=true
relation_event_reference,pass,WIKI-1992-019,upgrade
relation_from_entity,pass,WIKI-1992-019,CNUR-000107
relation_to_entity,pass,WIKI-1992-019,CNUR-000107
complex_relation_mapping,pass,WIKI-1992-019,upgrade automatic=true
relation_event_reference,pass,WIKI-1992-020,upgrade
relation_from_entity,pass,WIKI-1992-020,CNUR-000342
relation_to_entity,pass,WIKI-1992-020,CNUR-000342
complex_relation_mapping,pass,WIKI-1992-020,upgrade automatic=true
relation_event_reference,pass,WIKI-1992-021,abolish
relation_from_entity,pass,WIKI-1992-021,CNUR-000172
complex_relation_mapping,pass,WIKI-1992-021,abolish automatic=false
relation_event_reference,pass,WIKI-1992-022,establish
relation_from_entity,pass,WIKI-1992-022,CNUR-000057
complex_relation_mapping,pass,WIKI-1992-022,establish automatic=false
relation_event_reference,pass,WIKI-1992-023,rename
relation_from_entity,pass,WIKI-1992-023,CNUR-000150
relation_to_entity,pass,WIKI-1992-023,CNUR-000150
complex_relation_mapping,pass,WIKI-1992-023,rename automatic=true
relation_event_reference,pass,WIKI-1993-024,upgrade
relation_from_entity,pass,WIKI-1993-024,CNUR-000058
relation_to_entity,pass,WIKI-1993-024,CNUR-000058
complex_relation_mapping,pass,WIKI-1993-024,upgrade automatic=true
relation_event_reference,pass,WIKI-1993-025,upgrade
relation_from_entity,pass,WIKI-1993-025,CNUR-000070
relation_to_entity,pass,WIKI-1993-025,CNUR-000070
complex_relation_mapping,pass,WIKI-1993-025,upgrade automatic=true
relation_event_reference,pass,WIKI-1993-026,establish
relation_from_entity,pass,WIKI-1993-026,CNUR-000176
complex_relation_mapping,pass,WIKI-1993-026,establish automatic=false
relation_event_reference,pass,WIKI-1993-027,upgrade
relation_from_entity,pass,WIKI-1993-027,CNUR-000246
relation_to_entity,pass,WIKI-1993-027,CNUR-000246
complex_relation_mapping,pass,WIKI-1993-027,upgrade automatic=true
relation_event_reference,pass,WIKI-1993-028,merge
relation_from_entity,pass,WIKI-1993-028,CNUR-000003
complex_relation_mapping,pass,WIKI-1993-028,merge automatic=false
relation_event_reference,pass,WIKI-1993-029,abolish
relation_from_entity,pass,WIKI-1993-029,CNUR-000343
complex_relation_mapping,pass,WIKI-1993-029,abolish automatic=false
relation_event_reference,pass,WIKI-1993-030,establish
relation_from_entity,pass,WIKI-1993-030,CNUR-000222
complex_relation_mapping,pass,WIKI-1993-030,establish automatic=false
relation_event_reference,pass,WIKI-1993-031,rename
relation_from_entity,pass,WIKI-1993-031,CNUR-000181
relation_to_entity,pass,WIKI-1993-031,CNUR-000181
complex_relation_mapping,pass,WIKI-1993-031,rename automatic=true
relation_event_reference,pass,WIKI-1994-032,upgrade
relation_from_entity,pass,WIKI-1994-032,CNUR-000096
relation_to_entity,pass,WIKI-1994-032,CNUR-000096
complex_relation_mapping,pass,WIKI-1994-032,upgrade automatic=true
relation_event_reference,pass,WIKI-1994-033,upgrade
relation_from_entity,pass,WIKI-1994-033,CNUR-000121
relation_to_entity,pass,WIKI-1994-033,CNUR-000121
complex_relation_mapping,pass,WIKI-1994-033,upgrade automatic=true
relation_event_reference,pass,WIKI-1994-034,upgrade
relation_from_entity,pass,WIKI-1994-034,CNUR-000147
relation_to_entity,pass,WIKI-1994-034,CNUR-000147
complex_relation_mapping,pass,WIKI-1994-034,upgrade automatic=true
relation_event_reference,pass,WIKI-1994-035,upgrade
relation_from_entity,pass,WIKI-1994-035,CNUR-000148
relation_to_entity,pass,WIKI-1994-035,CNUR-000148
complex_relation_mapping,pass,WIKI-1994-035,upgrade automatic=true
relation_event_reference,pass,WIKI-1994-036,upgrade
relation_from_entity,pass,WIKI-1994-036,CNUR-000164
relation_to_entity,pass,WIKI-1994-036,CNUR-000164
complex_relation_mapping,pass,WIKI-1994-036,upgrade automatic=true
relation_event_reference,pass,WIKI-1994-037,upgrade
relation_from_entity,pass,WIKI-1994-037,CNUR-000190
relation_to_entity,pass,WIKI-1994-037,CNUR-000190
complex_relation_mapping,pass,WIKI-1994-037,upgrade automatic=true
relation_event_reference,pass,WIKI-1994-038,establish
relation_from_entity,pass,WIKI-1994-038,CNUR-000191
complex_relation_mapping,pass,WIKI-1994-038,establish automatic=false
relation_event_reference,pass,WIKI-1994-039,upgrade
relation_from_entity,pass,WIKI-1994-039,CNUR-000223
relation_to_entity,pass,WIKI-1994-039,CNUR-000223
complex_relation_mapping,pass,WIKI-1994-039,upgrade automatic=true
relation_event_reference,pass,WIKI-1994-040,upgrade
relation_from_entity,pass,WIKI-1994-040,CNUR-000293
relation_to_entity,pass,WIKI-1994-040,CNUR-000293
complex_relation_mapping,pass,WIKI-1994-040,upgrade automatic=true
relation_event_reference,pass,WIKI-1994-041,merge
relation_from_entity,pass,WIKI-1994-041,CNUR-000171
complex_relation_mapping,pass,WIKI-1994-041,merge automatic=false
relation_event_reference,pass,WIKI-1994-042,upgrade
relation_from_entity,pass,WIKI-1994-042,CNUR-000177
relation_to_entity,pass,WIKI-1994-042,CNUR-000177
complex_relation_mapping,pass,WIKI-1994-042,upgrade automatic=true
relation_event_reference,pass,WIKI-1994-043,rename
relation_from_entity,pass,WIKI-1994-043,CNUR-000050
relation_to_entity,pass,WIKI-1994-043,CNUR-000050
complex_relation_mapping,pass,WIKI-1994-043,rename automatic=true
relation_event_reference,pass,WIKI-1994-044,rename
relation_from_entity,pass,WIKI-1994-044,CNUR-000056
relation_to_entity,pass,WIKI-1994-044,CNUR-000056
complex_relation_mapping,pass,WIKI-1994-044,rename automatic=true
relation_event_reference,pass,WIKI-1994-045,rename
relation_from_entity,pass,WIKI-1994-045,CNUR-000189
relation_to_entity,pass,WIKI-1994-045,CNUR-000189
complex_relation_mapping,pass,WIKI-1994-045,rename automatic=true
relation_event_reference,pass,WIKI-1995-046,upgrade
relation_from_entity,pass,WIKI-1995-046,CNUR-000178
relation_to_entity,pass,WIKI-1995-046,CNUR-000178
complex_relation_mapping,pass,WIKI-1995-046,upgrade automatic=true
relation_event_reference,pass,WIKI-1995-047,upgrade
relation_from_entity,pass,WIKI-1995-047,CNUR-000192
relation_to_entity,pass,WIKI-1995-047,CNUR-000192
complex_relation_mapping,pass,WIKI-1995-047,upgrade automatic=true
relation_event_reference,pass,WIKI-1995-048,upgrade
relation_from_entity,pass,WIKI-1995-048,CNUR-000344
relation_to_entity,pass,WIKI-1995-048,CNUR-000344
complex_relation_mapping,pass,WIKI-1995-048,upgrade automatic=true
relation_event_reference,pass,WIKI-1996-049,upgrade
relation_from_entity,pass,WIKI-1996-049,CNUR-000013
relation_to_entity,pass,WIKI-1996-049,CNUR-000013
complex_relation_mapping,pass,WIKI-1996-049,upgrade automatic=true
relation_event_reference,pass,WIKI-1996-050,upgrade
relation_from_entity,pass,WIKI-1996-050,CNUR-000108
relation_to_entity,pass,WIKI-1996-050,CNUR-000108
complex_relation_mapping,pass,WIKI-1996-050,upgrade automatic=true
relation_event_reference,pass,WIKI-1996-051,upgrade
relation_from_entity,pass,WIKI-1996-051,CNUR-000122
relation_to_entity,pass,WIKI-1996-051,CNUR-000122
complex_relation_mapping,pass,WIKI-1996-051,upgrade automatic=true
relation_event_reference,pass,WIKI-1996-052,upgrade
relation_from_entity,pass,WIKI-1996-052,CNUR-000248
relation_to_entity,pass,WIKI-1996-052,CNUR-000248
complex_relation_mapping,pass,WIKI-1996-052,upgrade automatic=true
relation_event_reference,pass,WIKI-1996-053,upgrade
relation_from_entity,pass,WIKI-1996-053,CNUR-000295
relation_to_entity,pass,WIKI-1996-053,CNUR-000295
complex_relation_mapping,pass,WIKI-1996-053,upgrade automatic=true
relation_event_reference,pass,WIKI-1996-054,upgrade
relation_from_entity,pass,WIKI-1996-054,CNUR-000294
relation_to_entity,pass,WIKI-1996-054,CNUR-000294
complex_relation_mapping,pass,WIKI-1996-054,upgrade automatic=true
relation_event_reference,pass,WIKI-1996-055,rename
relation_from_entity,pass,WIKI-1996-055,CNUR-000177
relation_to_entity,pass,WIKI-1996-055,CNUR-000177
complex_relation_mapping,pass,WIKI-1996-055,rename automatic=true
relation_event_reference,pass,WIKI-1996-056,jurisdiction_transfer
relation_from_entity,pass,WIKI-1996-056,CNUR-000345
complex_relation_mapping,pass,WIKI-1996-056,jurisdiction_transfer automatic=false
relation_event_reference,pass,WIKI-1997-057,upgrade
relation_from_entity,pass,WIKI-1997-057,CNUR-000149
relation_to_entity,pass,WIKI-1997-057,CNUR-000149
complex_relation_mapping,pass,WIKI-1997-057,upgrade automatic=true
relation_event_reference,pass,WIKI-1997-058,upgrade
relation_from_entity,pass,WIKI-1997-058,CNUR-000165
relation_to_entity,pass,WIKI-1997-058,CNUR-000165
complex_relation_mapping,pass,WIKI-1997-058,upgrade automatic=true
relation_event_reference,pass,WIKI-1997-059,upgrade
relation_from_entity,pass,WIKI-1997-059,CNUR-000193
relation_to_entity,pass,WIKI-1997-059,CNUR-000193
complex_relation_mapping,pass,WIKI-1997-059,upgrade automatic=true
relation_event_reference,pass,WIKI-1997-060,upgrade
relation_from_entity,pass,WIKI-1997-060,CNUR-000225
relation_to_entity,pass,WIKI-1997-060,CNUR-000225
complex_relation_mapping,pass,WIKI-1997-060,upgrade automatic=true
relation_event_reference,pass,WIKI-1997-061,upgrade
relation_from_entity,pass,WIKI-1997-061,CNUR-000259
relation_to_entity,pass,WIKI-1997-061,CNUR-000259
complex_relation_mapping,pass,WIKI-1997-061,upgrade automatic=true
relation_event_reference,pass,WIKI-1997-062,upgrade
relation_from_entity,pass,WIKI-1997-062,CNUR-000267
relation_to_entity,pass,WIKI-1997-062,CNUR-000267
complex_relation_mapping,pass,WIKI-1997-062,upgrade automatic=true
relation_event_reference,pass,WIKI-1997-063,upgrade
relation_from_entity,pass,WIKI-1997-063,CNUR-000268
relation_to_entity,pass,WIKI-1997-063,CNUR-000268
complex_relation_mapping,pass,WIKI-1997-063,upgrade automatic=true
relation_event_reference,pass,WIKI-1997-064,rename
relation_from_entity,pass,WIKI-1997-064,CNUR-000227
relation_to_entity,pass,WIKI-1997-064,CNUR-000227
complex_relation_mapping,pass,WIKI-1997-064,rename automatic=true
relation_event_reference,pass,WIKI-1997-065,establish_prefecture
relation_from_entity,pass,WIKI-1997-065,CNUR-000247
complex_relation_mapping,pass,WIKI-1997-065,establish_prefecture automatic=false
relation_event_reference,pass,WIKI-1998-066,upgrade
relation_from_entity,pass,WIKI-1998-066,CNUR-000109
relation_to_entity,pass,WIKI-1998-066,CNUR-000109
complex_relation_mapping,pass,WIKI-1998-066,upgrade automatic=true
relation_event_reference,pass,WIKI-1998-067,upgrade
relation_from_entity,pass,WIKI-1998-067,CNUR-000130
relation_to_entity,pass,WIKI-1998-067,CNUR-000130
complex_relation_mapping,pass,WIKI-1998-067,upgrade automatic=true
relation_event_reference,pass,WIKI-1998-068,upgrade
relation_from_entity,pass,WIKI-1998-068,CNUR-000166
relation_to_entity,pass,WIKI-1998-068,CNUR-000166
complex_relation_mapping,pass,WIKI-1998-068,upgrade automatic=true
relation_event_reference,pass,WIKI-1998-069,upgrade
relation_from_entity,pass,WIKI-1998-069,CNUR-000179
relation_to_entity,pass,WIKI-1998-069,CNUR-000179
complex_relation_mapping,pass,WIKI-1998-069,upgrade automatic=true
relation_event_reference,pass,WIKI-1998-070,upgrade
relation_from_entity,pass,WIKI-1998-070,CNUR-000249
relation_to_entity,pass,WIKI-1998-070,CNUR-000249
complex_relation_mapping,pass,WIKI-1998-070,upgrade automatic=true
relation_event_reference,pass,WIKI-1998-071,upgrade
relation_from_entity,pass,WIKI-1998-071,CNUR-000323
relation_to_entity,pass,WIKI-1998-071,CNUR-000323
complex_relation_mapping,pass,WIKI-1998-071,upgrade automatic=true
relation_event_reference,pass,WIKI-1998-072,establish_prefecture
relation_from_entity,pass,WIKI-1998-072,CNUR-000253
complex_relation_mapping,pass,WIKI-1998-072,establish_prefecture automatic=false
relation_event_reference,pass,WIKI-1999-073,upgrade
relation_from_entity,pass,WIKI-1999-073,CNUR-000020
relation_to_entity,pass,WIKI-1999-073,CNUR-000020
complex_relation_mapping,pass,WIKI-1999-073,upgrade automatic=true
relation_event_reference,pass,WIKI-1999-074,upgrade
relation_from_entity,pass,WIKI-1999-074,CNUR-000071
relation_to_entity,pass,WIKI-1999-074,CNUR-000071
complex_relation_mapping,pass,WIKI-1999-074,upgrade automatic=true
relation_event_reference,pass,WIKI-1999-075,upgrade
relation_from_entity,pass,WIKI-1999-075,CNUR-000110
relation_to_entity,pass,WIKI-1999-075,CNUR-000110
complex_relation_mapping,pass,WIKI-1999-075,upgrade automatic=true
relation_event_reference,pass,WIKI-1999-076,upgrade
relation_from_entity,pass,WIKI-1999-076,CNUR-000111
relation_to_entity,pass,WIKI-1999-076,CNUR-000111
complex_relation_mapping,pass,WIKI-1999-076,upgrade automatic=true
relation_event_reference,pass,WIKI-1999-077,upgrade
relation_from_entity,pass,WIKI-1999-077,CNUR-000123
relation_to_entity,pass,WIKI-1999-077,CNUR-000123
complex_relation_mapping,pass,WIKI-1999-077,upgrade automatic=true
relation_event_reference,pass,WIKI-1999-078,upgrade
relation_from_entity,pass,WIKI-1999-078,CNUR-000194
relation_to_entity,pass,WIKI-1999-078,CNUR-000194
complex_relation_mapping,pass,WIKI-1999-078,upgrade automatic=true
relation_event_reference,pass,WIKI-1999-079,upgrade
relation_from_entity,pass,WIKI-1999-079,CNUR-000250
relation_to_entity,pass,WIKI-1999-079,CNUR-000250
complex_relation_mapping,pass,WIKI-1999-079,upgrade automatic=true
relation_event_reference,pass,WIKI-1999-080,upgrade
relation_from_entity,pass,WIKI-1999-080,CNUR-000296
relation_to_entity,pass,WIKI-1999-080,CNUR-000296
complex_relation_mapping,pass,WIKI-1999-080,upgrade automatic=true
relation_event_reference,pass,WIKI-1999-081,upgrade
relation_from_entity,pass,WIKI-1999-081,CNUR-000029
relation_to_entity,pass,WIKI-1999-081,CNUR-000029
complex_relation_mapping,pass,WIKI-1999-081,upgrade automatic=true
relation_event_reference,pass,PL-2000-001,upgrade
relation_from_entity,pass,PL-2000-001,CNUR-000131
relation_to_entity,pass,PL-2000-001,CNUR-000131
complex_relation_mapping,pass,PL-2000-001,upgrade automatic=true
relation_event_reference,pass,PL-2000-002,upgrade
relation_from_entity,pass,PL-2000-002,CNUR-000097
relation_to_entity,pass,PL-2000-002,CNUR-000097
complex_relation_mapping,pass,PL-2000-002,upgrade automatic=true
relation_event_reference,pass,PL-2000-003,upgrade
relation_from_entity,pass,PL-2000-003,CNUR-000132
relation_to_entity,pass,PL-2000-003,CNUR-000132
complex_relation_mapping,pass,PL-2000-003,upgrade automatic=true
relation_event_reference,pass,PL-2000-004,upgrade
relation_from_entity,pass,PL-2000-004,CNUR-000167
relation_to_entity,pass,PL-2000-004,CNUR-000167
complex_relation_mapping,pass,PL-2000-004,upgrade automatic=true
relation_event_reference,pass,PL-2000-005,upgrade
relation_from_entity,pass,PL-2000-005,CNUR-000168
relation_to_entity,pass,PL-2000-005,CNUR-000168
complex_relation_mapping,pass,PL-2000-005,upgrade automatic=true
relation_event_reference,pass,PL-2000-006,upgrade
relation_from_entity,pass,PL-2000-006,CNUR-000150
relation_to_entity,pass,PL-2000-006,CNUR-000150
complex_relation_mapping,pass,PL-2000-006,upgrade automatic=true
relation_event_reference,pass,PL-2000-007,upgrade
relation_from_entity,pass,PL-2000-007,CNUR-000247
relation_to_entity,pass,PL-2000-007,CNUR-000247
complex_relation_mapping,pass,PL-2000-007,upgrade automatic=true
relation_event_reference,pass,PL-2000-008,upgrade
relation_from_entity,pass,PL-2000-008,CNUR-000251
relation_to_entity,pass,PL-2000-008,CNUR-000251
complex_relation_mapping,pass,PL-2000-008,upgrade automatic=true
relation_event_reference,pass,PL-2000-009,upgrade
relation_from_entity,pass,PL-2000-009,CNUR-000252
relation_to_entity,pass,PL-2000-009,CNUR-000252
complex_relation_mapping,pass,PL-2000-009,upgrade automatic=true
relation_event_reference,pass,PL-2000-010,upgrade
relation_from_entity,pass,PL-2000-010,CNUR-000253
relation_to_entity,pass,PL-2000-010,CNUR-000253
complex_relation_mapping,pass,PL-2000-010,upgrade automatic=true
relation_event_reference,pass,PL-2000-011,upgrade
relation_from_entity,pass,PL-2000-011,CNUR-000021
relation_to_entity,pass,PL-2000-011,CNUR-000021
complex_relation_mapping,pass,PL-2000-011,upgrade automatic=true
relation_event_reference,pass,PL-2000-012,upgrade
relation_from_entity,pass,PL-2000-012,CNUR-000022
relation_to_entity,pass,PL-2000-012,CNUR-000022
complex_relation_mapping,pass,PL-2000-012,upgrade automatic=true
relation_event_reference,pass,PL-2000-013,upgrade
relation_from_entity,pass,PL-2000-013,CNUR-000023
relation_to_entity,pass,PL-2000-013,CNUR-000023
complex_relation_mapping,pass,PL-2000-013,upgrade automatic=true
relation_event_reference,pass,PL-2000-014,upgrade
relation_from_entity,pass,PL-2000-014,CNUR-000260
relation_to_entity,pass,PL-2000-014,CNUR-000260
complex_relation_mapping,pass,PL-2000-014,upgrade automatic=true
relation_event_reference,pass,PL-2000-015,upgrade
relation_from_entity,pass,PL-2000-015,CNUR-000297
relation_to_entity,pass,PL-2000-015,CNUR-000297
complex_relation_mapping,pass,PL-2000-015,upgrade automatic=true
relation_event_reference,pass,PL-2000-016,upgrade
relation_from_entity,pass,PL-2000-016,CNUR-000133
relation_to_entity,pass,PL-2000-016,CNUR-000133
complex_relation_mapping,pass,PL-2000-016,upgrade automatic=true
relation_event_reference,pass,PL-2000-017,upgrade
relation_from_entity,pass,PL-2000-017,CNUR-000134
relation_to_entity,pass,PL-2000-017,CNUR-000134
complex_relation_mapping,pass,PL-2000-017,upgrade automatic=true
relation_event_reference,pass,PL-2000-018,upgrade
relation_from_entity,pass,PL-2000-018,CNUR-000151
relation_to_entity,pass,PL-2000-018,CNUR-000151
complex_relation_mapping,pass,PL-2000-018,upgrade automatic=true
relation_event_reference,pass,PL-2000-019,upgrade
relation_from_entity,pass,PL-2000-019,CNUR-000113
relation_to_entity,pass,PL-2000-019,CNUR-000113
complex_relation_mapping,pass,PL-2000-019,upgrade automatic=true
relation_event_reference,pass,PL-2000-020,upgrade
relation_from_entity,pass,PL-2000-020,CNUR-000114
relation_to_entity,pass,PL-2000-020,CNUR-000114
complex_relation_mapping,pass,PL-2000-020,upgrade automatic=true
relation_event_reference,pass,PL-2000-021,upgrade
relation_from_entity,pass,PL-2000-021,CNUR-000269
relation_to_entity,pass,PL-2000-021,CNUR-000269
complex_relation_mapping,pass,PL-2000-021,upgrade automatic=true
relation_event_reference,pass,PL-2000-022,upgrade
relation_from_entity,pass,PL-2000-022,CNUR-000112
relation_to_entity,pass,PL-2000-022,CNUR-000112
complex_relation_mapping,pass,PL-2000-022,upgrade automatic=true
relation_event_reference,pass,PL-2000-023,upgrade
relation_from_entity,pass,PL-2000-023,CNUR-000180
relation_to_entity,pass,PL-2000-023,CNUR-000180
complex_relation_mapping,pass,PL-2000-023,upgrade automatic=true
relation_event_reference,pass,PL-2000-024,rename
relation_from_entity,pass,PL-2000-024,CNUR-000081
relation_to_entity,pass,PL-2000-024,CNUR-000081
complex_relation_mapping,pass,PL-2000-024,rename automatic=true
relation_event_reference,pass,PL-2001-001,upgrade
relation_from_entity,pass,PL-2001-001,CNUR-000270
relation_to_entity,pass,PL-2001-001,CNUR-000270
complex_relation_mapping,pass,PL-2001-001,upgrade automatic=true
relation_event_reference,pass,PL-2001-002,upgrade
relation_from_entity,pass,PL-2001-002,CNUR-000030
relation_to_entity,pass,PL-2001-002,CNUR-000030
complex_relation_mapping,pass,PL-2001-002,upgrade automatic=true
relation_event_reference,pass,PL-2001-003,upgrade
relation_from_entity,pass,PL-2001-003,CNUR-000304
relation_to_entity,pass,PL-2001-003,CNUR-000304
complex_relation_mapping,pass,PL-2001-003,upgrade automatic=true
relation_event_reference,pass,PL-2001-004,upgrade
relation_from_entity,pass,PL-2001-004,CNUR-000324
relation_to_entity,pass,PL-2001-004,CNUR-000324
complex_relation_mapping,pass,PL-2001-004,upgrade automatic=true
relation_event_reference,pass,PL-2001-005,upgrade
relation_from_entity,pass,PL-2001-005,CNUR-000298
relation_to_entity,pass,PL-2001-005,CNUR-000298
complex_relation_mapping,pass,PL-2001-005,upgrade automatic=true
relation_event_reference,pass,PL-2001-006,upgrade
relation_from_entity,pass,PL-2001-006,CNUR-000031
relation_to_entity,pass,PL-2001-006,CNUR-000031
complex_relation_mapping,pass,PL-2001-006,upgrade automatic=true
relation_event_reference,pass,PL-2001-007,abolish
relation_from_entity,pass,PL-2001-007,CNUR-000338
complex_relation_mapping,pass,PL-2001-007,abolish automatic=false
relation_event_reference,pass,PL-2002-001,upgrade
relation_from_entity,pass,PL-2002-001,CNUR-000305
relation_to_entity,pass,PL-2002-001,CNUR-000305
complex_relation_mapping,pass,PL-2002-001,upgrade automatic=true
relation_event_reference,pass,PL-2002-002,upgrade
relation_from_entity,pass,PL-2002-002,CNUR-000226
relation_to_entity,pass,PL-2002-002,CNUR-000226
complex_relation_mapping,pass,PL-2002-002,upgrade automatic=true
relation_event_reference,pass,PL-2002-003,upgrade
relation_from_entity,pass,PL-2002-003,CNUR-000306
relation_to_entity,pass,PL-2002-003,CNUR-000306
complex_relation_mapping,pass,PL-2002-003,upgrade automatic=true
relation_event_reference,pass,PL-2002-004,upgrade
relation_from_entity,pass,PL-2002-004,CNUR-000227
relation_to_entity,pass,PL-2002-004,CNUR-000227
complex_relation_mapping,pass,PL-2002-004,upgrade automatic=true
relation_event_reference,pass,PL-2002-005,upgrade
relation_from_entity,pass,PL-2002-005,CNUR-000228
relation_to_entity,pass,PL-2002-005,CNUR-000228
complex_relation_mapping,pass,PL-2002-005,upgrade automatic=true
relation_event_reference,pass,PL-2002-006,upgrade
relation_from_entity,pass,PL-2002-006,CNUR-000307
relation_to_entity,pass,PL-2002-006,CNUR-000307
complex_relation_mapping,pass,PL-2002-006,upgrade automatic=true
relation_event_reference,pass,PL-2002-007,upgrade
relation_from_entity,pass,PL-2002-007,CNUR-000308
relation_to_entity,pass,PL-2002-007,CNUR-000308
complex_relation_mapping,pass,PL-2002-007,upgrade automatic=true
relation_event_reference,pass,PL-2002-008,upgrade
relation_from_entity,pass,PL-2002-008,CNUR-000229
relation_to_entity,pass,PL-2002-008,CNUR-000229
complex_relation_mapping,pass,PL-2002-008,upgrade automatic=true
relation_event_reference,pass,PL-2002-009,upgrade
relation_from_entity,pass,PL-2002-009,CNUR-000230
relation_to_entity,pass,PL-2002-009,CNUR-000230
complex_relation_mapping,pass,PL-2002-009,upgrade automatic=true
relation_event_reference,pass,PL-2002-010,upgrade
relation_from_entity,pass,PL-2002-010,CNUR-000271
relation_to_entity,pass,PL-2002-010,CNUR-000271
complex_relation_mapping,pass,PL-2002-010,upgrade automatic=true
relation_event_reference,pass,PL-2003-001,upgrade
relation_from_entity,pass,PL-2003-001,CNUR-000309
relation_to_entity,pass,PL-2003-001,CNUR-000309
complex_relation_mapping,pass,PL-2003-001,upgrade automatic=true
relation_event_reference,pass,PL-2003-002,upgrade
relation_from_entity,pass,PL-2003-002,CNUR-000024
relation_to_entity,pass,PL-2003-002,CNUR-000024
complex_relation_mapping,pass,PL-2003-002,upgrade automatic=true
relation_event_reference,pass,PL-2003-003,upgrade
relation_from_entity,pass,PL-2003-003,CNUR-000272
relation_to_entity,pass,PL-2003-003,CNUR-000272
complex_relation_mapping,pass,PL-2003-003,upgrade automatic=true
relation_event_reference,pass,PL-2003-004,upgrade
relation_from_entity,pass,PL-2003-004,CNUR-000032
relation_to_entity,pass,PL-2003-004,CNUR-000032
complex_relation_mapping,pass,PL-2003-004,upgrade automatic=true
relation_event_reference,pass,PL-2003-005,upgrade
relation_from_entity,pass,PL-2003-005,CNUR-000033
relation_to_entity,pass,PL-2003-005,CNUR-000033
complex_relation_mapping,pass,PL-2003-005,upgrade automatic=true
relation_event_reference,pass,PL-2003-006,establish
relation_from_entity,pass,PL-2003-006,CNUR-000325
complex_relation_mapping,pass,PL-2003-006,establish automatic=false
relation_event_reference,pass,PL-2004-001,upgrade
relation_from_entity,pass,PL-2004-001,CNUR-000310
relation_to_entity,pass,PL-2004-001,CNUR-000310
complex_relation_mapping,pass,PL-2004-001,upgrade automatic=true
relation_event_reference,pass,PL-2007-001,rename
relation_from_entity,pass,PL-2007-001,CNUR-000272
relation_to_entity,pass,PL-2007-001,CNUR-000272
complex_relation_mapping,pass,PL-2007-001,rename automatic=true
relation_event_reference,pass,PL-2010-001,rename
relation_from_entity,pass,PL-2010-001,CNUR-000173
relation_to_entity,pass,PL-2010-001,CNUR-000173
complex_relation_mapping,pass,PL-2010-001,rename automatic=true
relation_event_reference,pass,PL-2011-001,split
relation_from_entity,pass,PL-2011-001,CNUR-000110
complex_relation_mapping,pass,PL-2011-001,split automatic=false
relation_event_reference,pass,PL-2011-002,upgrade
relation_from_entity,pass,PL-2011-002,CNUR-000261
relation_to_entity,pass,PL-2011-002,CNUR-000261
complex_relation_mapping,pass,PL-2011-002,upgrade automatic=true
relation_event_reference,pass,PL-2011-003,upgrade
relation_from_entity,pass,PL-2011-003,CNUR-000262
relation_to_entity,pass,PL-2011-003,CNUR-000262
complex_relation_mapping,pass,PL-2011-003,upgrade automatic=true
relation_event_reference,pass,PL-2012-001,establish
relation_from_entity,pass,PL-2012-001,CNUR-000233
complex_relation_mapping,pass,PL-2012-001,establish automatic=false
relation_event_reference,pass,PL-2013-001,upgrade
relation_from_entity,pass,PL-2013-001,CNUR-000314
relation_to_entity,pass,PL-2013-001,CNUR-000314
complex_relation_mapping,pass,PL-2013-001,upgrade automatic=true
relation_event_reference,pass,PL-2014-001,upgrade
relation_from_entity,pass,PL-2014-001,CNUR-000283
relation_to_entity,pass,PL-2014-001,CNUR-000283
complex_relation_mapping,pass,PL-2014-001,upgrade automatic=true
relation_event_reference,pass,PL-2015-001,upgrade
relation_from_entity,pass,PL-2015-001,CNUR-000234
relation_to_entity,pass,PL-2015-001,CNUR-000234
complex_relation_mapping,pass,PL-2015-001,upgrade automatic=true
relation_event_reference,pass,PL-2015-002,upgrade
relation_from_entity,pass,PL-2015-002,CNUR-000285
relation_to_entity,pass,PL-2015-002,CNUR-000285
complex_relation_mapping,pass,PL-2015-002,upgrade automatic=true
relation_event_reference,pass,PL-2015-003,upgrade
relation_from_entity,pass,PL-2015-003,CNUR-000328
relation_to_entity,pass,PL-2015-003,CNUR-000328
complex_relation_mapping,pass,PL-2015-003,upgrade automatic=true
relation_event_reference,pass,PL-2016-001,upgrade
relation_from_entity,pass,PL-2016-001,CNUR-000286
relation_to_entity,pass,PL-2016-001,CNUR-000286
complex_relation_mapping,pass,PL-2016-001,upgrade automatic=true
relation_event_reference,pass,PL-2016-002,upgrade
relation_from_entity,pass,PL-2016-002,CNUR-000329
relation_to_entity,pass,PL-2016-002,CNUR-000329
complex_relation_mapping,pass,PL-2016-002,upgrade automatic=true
relation_event_reference,pass,PL-2017-001,upgrade
relation_from_entity,pass,PL-2017-001,CNUR-000287
relation_to_entity,pass,PL-2017-001,CNUR-000287
complex_relation_mapping,pass,PL-2017-001,upgrade automatic=true
relation_event_reference,pass,PL-2018-001,merge
relation_from_entity,pass,PL-2018-001,CNUR-000146
complex_relation_mapping,pass,PL-2018-001,merge automatic=false
relation_event_reference,pass,WIKI-1993-029,split
relation_from_entity,pass,WIKI-1993-029,CNUR-000343
relation_to_entity,pass,WIKI-1993-029,CNUR-000015
complex_relation_mapping,pass,WIKI-1993-029,split automatic=false
relation_event_reference,pass,WIKI-1993-029,split
relation_from_entity,pass,WIKI-1993-029,CNUR-000343
relation_to_entity,pass,WIKI-1993-029,CNUR-000019
complex_relation_mapping,pass,WIKI-1993-029,split automatic=false
relation_event_reference,pass,WIKI-1996-056,jurisdiction_transfer
relation_from_entity,pass,WIKI-1996-056,CNUR-000342
relation_to_entity,pass,WIKI-1996-056,CNUR-000235
complex_relation_mapping,pass,WIKI-1996-056,jurisdiction_transfer automatic=false
relation_event_reference,pass,WIKI-1996-056,jurisdiction_transfer
relation_from_entity,pass,WIKI-1996-056,CNUR-000344
relation_to_entity,pass,WIKI-1996-056,CNUR-000235
complex_relation_mapping,pass,WIKI-1996-056,jurisdiction_transfer automatic=false
relation_event_reference,pass,WIKI-1996-056,jurisdiction_transfer
relation_from_entity,pass,WIKI-1996-056,CNUR-000345
relation_to_entity,pass,WIKI-1996-056,CNUR-000235
complex_relation_mapping,pass,WIKI-1996-056,jurisdiction_transfer automatic=false
